-- SG Fleet Management System - Database Export
-- Generated for migration purposes
-- Execute: sqlite3 <workspace_id>.db < init-database.sql

PRAGMA foreign_keys=OFF;
BEGIN TRANSACTION;

-- ============================================
-- Table Definitions
-- ============================================

DROP TABLE IF EXISTS alerts;
CREATE TABLE alerts (
	id INTEGER PRIMARY KEY AUTOINCREMENT,
	vehicle_id INTEGER,
	driver_id INTEGER,
	alert_type TEXT NOT NULL,
	severity TEXT DEFAULT 'Medium',
	title TEXT NOT NULL,
	description TEXT,
	location TEXT,
	latitude REAL,
	longitude REAL,
	speed REAL,
	threshold_value TEXT,
	actual_value TEXT,
	status TEXT DEFAULT 'Unhandled',
	handler TEXT,
	handled_at TEXT,
	handle_result TEXT,
	alert_time TEXT NOT NULL,
	created_at TEXT NOT NULL DEFAULT (datetime('now')),
	updated_at TEXT NOT NULL DEFAULT (datetime('now')),
	deleted_at TEXT
);

DROP TABLE IF EXISTS drivers;
CREATE TABLE drivers (
	id INTEGER PRIMARY KEY AUTOINCREMENT,
	name TEXT NOT NULL,
	gender TEXT DEFAULT 'Male',
	phone TEXT NOT NULL,
	id_card TEXT,
	license_no TEXT,
	license_type TEXT DEFAULT 'Class 3',
	license_expire_date TEXT,
	hire_date TEXT,
	department TEXT,
	status TEXT NOT NULL DEFAULT 'Active',
	assigned_vehicle_id INTEGER,
	emergency_contact TEXT,
	emergency_phone TEXT,
	address TEXT,
	driving_years INTEGER DEFAULT 0,
	violation_count INTEGER DEFAULT 0,
	accident_count INTEGER DEFAULT 0,
	rating REAL DEFAULT 5.0,
	avatar_url TEXT,
	notes TEXT,
	created_at TEXT NOT NULL DEFAULT (datetime('now')),
	updated_at TEXT NOT NULL DEFAULT (datetime('now')),
	deleted_at TEXT
);

DROP TABLE IF EXISTS fuel_records;
CREATE TABLE fuel_records (
	id INTEGER PRIMARY KEY AUTOINCREMENT,
	vehicle_id INTEGER NOT NULL,
	driver_id INTEGER,
	fuel_date TEXT NOT NULL,
	fuel_type TEXT NOT NULL,
	quantity REAL NOT NULL,
	unit_price REAL NOT NULL,
	total_cost REAL NOT NULL,
	mileage_at_fuel INTEGER,
	gas_station TEXT,
	payment_method TEXT DEFAULT 'Company Card',
	invoice_no TEXT,
	is_full_tank INTEGER DEFAULT 1,
	notes TEXT,
	created_at TEXT NOT NULL DEFAULT (datetime('now')),
	updated_at TEXT NOT NULL DEFAULT (datetime('now')),
	deleted_at TEXT
);

DROP TABLE IF EXISTS gps_tracking;
CREATE TABLE gps_tracking (
	id INTEGER PRIMARY KEY AUTOINCREMENT,
	vehicle_id INTEGER NOT NULL,
	latitude REAL NOT NULL,
	longitude REAL NOT NULL,
	speed REAL DEFAULT 0,
	heading REAL,
	altitude REAL,
	location_name TEXT,
	status TEXT DEFAULT 'Moving',
	recorded_at TEXT NOT NULL,
	created_at TEXT NOT NULL DEFAULT (datetime('now'))
);

DROP TABLE IF EXISTS insurance_policies;
CREATE TABLE insurance_policies (
	id INTEGER PRIMARY KEY AUTOINCREMENT,
	vehicle_id INTEGER NOT NULL,
	policy_no TEXT NOT NULL UNIQUE,
	insurance_company TEXT NOT NULL,
	insurance_type TEXT NOT NULL,
	premium REAL NOT NULL,
	coverage_amount REAL,
	start_date TEXT NOT NULL,
	end_date TEXT NOT NULL,
	status TEXT DEFAULT 'Active',
	claim_count INTEGER DEFAULT 0,
	total_claim_amount REAL DEFAULT 0,
	agent_name TEXT,
	agent_phone TEXT,
	notes TEXT,
	created_at TEXT NOT NULL DEFAULT (datetime('now')),
	updated_at TEXT NOT NULL DEFAULT (datetime('now')),
	deleted_at TEXT
);

DROP TABLE IF EXISTS maintenance_records;
CREATE TABLE maintenance_records (
	id INTEGER PRIMARY KEY AUTOINCREMENT,
	record_no TEXT NOT NULL UNIQUE,
	vehicle_id INTEGER NOT NULL,
	maintenance_type TEXT NOT NULL,
	description TEXT,
	service_provider TEXT,
	mileage_at_service INTEGER,
	cost REAL DEFAULT 0,
	parts_cost REAL DEFAULT 0,
	labor_cost REAL DEFAULT 0,
	start_date TEXT NOT NULL,
	end_date TEXT,
	next_maintenance_date TEXT,
	next_maintenance_mileage INTEGER,
	status TEXT DEFAULT 'Pending',
	quality_rating INTEGER,
	notes TEXT,
	created_at TEXT NOT NULL DEFAULT (datetime('now')),
	updated_at TEXT NOT NULL DEFAULT (datetime('now')),
	deleted_at TEXT
);

DROP TABLE IF EXISTS reservations;
CREATE TABLE reservations (
	id INTEGER PRIMARY KEY AUTOINCREMENT,
	reservation_no TEXT NOT NULL UNIQUE,
	applicant_name TEXT NOT NULL,
	applicant_department TEXT,
	applicant_phone TEXT,
	vehicle_id INTEGER,
	driver_id INTEGER,
	purpose TEXT NOT NULL,
	passengers INTEGER DEFAULT 1,
	start_time TEXT NOT NULL,
	end_time TEXT NOT NULL,
	start_location TEXT NOT NULL,
	end_location TEXT NOT NULL,
	route_id INTEGER,
	status TEXT NOT NULL DEFAULT 'Pending',
	priority TEXT DEFAULT 'Normal',
	approver TEXT,
	approved_at TEXT,
	reject_reason TEXT,
	actual_start_time TEXT,
	actual_end_time TEXT,
	actual_mileage REAL,
	notes TEXT,
	created_at TEXT NOT NULL DEFAULT (datetime('now')),
	updated_at TEXT NOT NULL DEFAULT (datetime('now')),
	deleted_at TEXT
);

DROP TABLE IF EXISTS routes;
CREATE TABLE routes (
	id INTEGER PRIMARY KEY AUTOINCREMENT,
	name TEXT NOT NULL,
	route_code TEXT UNIQUE,
	start_point TEXT NOT NULL,
	end_point TEXT NOT NULL,
	waypoints TEXT,
	distance_km REAL,
	estimated_duration_min INTEGER,
	route_type TEXT DEFAULT 'Urban',
	status TEXT DEFAULT 'Active',
	notes TEXT,
	created_at TEXT NOT NULL DEFAULT (datetime('now')),
	updated_at TEXT NOT NULL DEFAULT (datetime('now')),
	deleted_at TEXT
);

DROP TABLE IF EXISTS trips;
CREATE TABLE trips (
	id INTEGER PRIMARY KEY AUTOINCREMENT,
	trip_no TEXT NOT NULL UNIQUE,
	vehicle_id INTEGER NOT NULL,
	driver_id INTEGER NOT NULL,
	route_id INTEGER,
	start_time TEXT NOT NULL,
	end_time TEXT,
	start_location TEXT,
	end_location TEXT,
	start_mileage INTEGER,
	end_mileage INTEGER,
	distance_km REAL,
	fuel_consumed REAL,
	purpose TEXT,
	status TEXT DEFAULT 'In Progress',
	passenger_count INTEGER DEFAULT 0,
	cargo_weight REAL,
	max_speed REAL,
	avg_speed REAL,
	notes TEXT,
	created_at TEXT NOT NULL DEFAULT (datetime('now')),
	updated_at TEXT NOT NULL DEFAULT (datetime('now')),
	deleted_at TEXT
);

DROP TABLE IF EXISTS vehicle_capabilities;
CREATE TABLE vehicle_capabilities (
	id INTEGER PRIMARY KEY AUTOINCREMENT,
	vehicle_id INTEGER NOT NULL,
	capability TEXT NOT NULL,
	description TEXT,
	created_at TEXT NOT NULL DEFAULT (datetime('now'))
);

DROP TABLE IF EXISTS vehicles;
CREATE TABLE vehicles (
	id INTEGER PRIMARY KEY AUTOINCREMENT,
	plate_number TEXT NOT NULL UNIQUE,
	vin TEXT,
	brand TEXT NOT NULL,
	model TEXT NOT NULL,
	vehicle_type TEXT NOT NULL DEFAULT 'Sedan',
	color TEXT,
	engine_no TEXT,
	purchase_date TEXT,
	purchase_price REAL,
	mileage INTEGER DEFAULT 0,
	fuel_type TEXT DEFAULT 'Petrol',
	fuel_tank_capacity REAL,
	seat_count INTEGER DEFAULT 5,
	status TEXT NOT NULL DEFAULT 'Online',
	department TEXT,
	gps_device_id TEXT,
	annual_inspection_date TEXT,
	insurance_expire_date TEXT,
	notes TEXT,
	created_at TEXT NOT NULL DEFAULT (datetime('now')),
	updated_at TEXT NOT NULL DEFAULT (datetime('now')),
	deleted_at TEXT
);

DROP TABLE IF EXISTS violations;
CREATE TABLE violations (
	id INTEGER PRIMARY KEY AUTOINCREMENT,
	vehicle_id INTEGER NOT NULL,
	driver_id INTEGER,
	violation_date TEXT NOT NULL,
	violation_location TEXT,
	violation_type TEXT NOT NULL,
	violation_code TEXT,
	fine_amount REAL DEFAULT 0,
	deduction_points INTEGER DEFAULT 0,
	status TEXT DEFAULT 'Pending',
	handler TEXT,
	handled_date TEXT,
	evidence_url TEXT,
	notes TEXT,
	created_at TEXT NOT NULL DEFAULT (datetime('now')),
	updated_at TEXT NOT NULL DEFAULT (datetime('now')),
	deleted_at TEXT
);

-- ============================================
-- Data
-- ============================================

INSERT INTO alerts (id, vehicle_id, driver_id, alert_type, severity, title, description, location, latitude, longitude, speed, threshold_value, actual_value, status, handler, handled_at, handle_result, alert_time, created_at, updated_at, deleted_at) VALUES (109, 7, 7, 'Speeding', 'High', 'Truck speeding alert', 'Vehicle travelling 82km/h in 60km/h zone', 'Tuas Ave 1', 1.32, 103.638, 82, '60 km/h', '82 km/h', 'Handled', 'Dispatch Ctr Mgr', '2026-02-06 08:30:00', 'Driver notified to slow down', '2026-02-06 08:20:00', '2026-02-16 15:52:00', '2026-02-16 15:52:00', NULL);
INSERT INTO alerts (id, vehicle_id, driver_id, alert_type, severity, title, description, location, latitude, longitude, speed, threshold_value, actual_value, status, handler, handled_at, handle_result, alert_time, created_at, updated_at, deleted_at) VALUES (110, 5, 5, 'Speeding', 'Medium', 'Vehicle speeding alert', 'Vehicle travelling 95km/h in 80km/h zone', 'AYE towards Tuas', 1.31, 103.76, 95, '80 km/h', '95 km/h', 'Handled', 'Dispatch Ctr Mgr', '2026-02-07 10:15:00', 'Phone reminder confirmed', '2026-02-07 10:00:00', '2026-02-16 15:52:00', '2026-02-16 15:52:00', NULL);
INSERT INTO alerts (id, vehicle_id, driver_id, alert_type, severity, title, description, location, latitude, longitude, speed, threshold_value, actual_value, status, handler, handled_at, handle_result, alert_time, created_at, updated_at, deleted_at) VALUES (111, 9, 9, 'Fatigue', 'Critical', 'Bus driver fatigue alert', 'Continuous driving over 4 hours without rest', 'Woodlands MRT', 1.437, 103.786, 45, '4 hrs', '4.5 hrs', 'Handled', 'Safety Mgr Ali', '2026-02-08 11:00:00', 'Arranged relief driver', '2026-02-08 10:30:00', '2026-02-16 15:52:00', '2026-02-16 15:52:00', NULL);
INSERT INTO alerts (id, vehicle_id, driver_id, alert_type, severity, title, description, location, latitude, longitude, speed, threshold_value, actual_value, status, handler, handled_at, handle_result, alert_time, created_at, updated_at, deleted_at) VALUES (112, 13, 13, 'Device Offline', 'Medium', 'GPS device offline', 'Vehicle GPS offline for over 24 hours', 'Last: Raffles Place', 1.284, 103.851, 0, '2 hrs', '48 hrs', 'Handling', NULL, NULL, NULL, '2026-02-09 00:00:00', '2026-02-16 15:52:00', '2026-02-16 15:52:00', NULL);
INSERT INTO alerts (id, vehicle_id, driver_id, alert_type, severity, title, description, location, latitude, longitude, speed, threshold_value, actual_value, status, handler, handled_at, handle_result, alert_time, created_at, updated_at, deleted_at) VALUES (113, 1, 1, 'Service Due', 'Low', 'Vehicle service reminder', 'Mercedes S450L next service in 500km', NULL, NULL, NULL, NULL, '50000 km', '49500 km', 'Handled', 'Fleet Admin Amy', '2026-02-10 14:30:00', 'Service booked', '2026-02-10 14:00:00', '2026-02-16 15:52:00', '2026-02-16 15:52:00', NULL);
INSERT INTO alerts (id, vehicle_id, driver_id, alert_type, severity, title, description, location, latitude, longitude, speed, threshold_value, actual_value, status, handler, handled_at, handle_result, alert_time, created_at, updated_at, deleted_at) VALUES (114, 19, NULL, 'Inspection Due', 'High', 'Vehicle inspection expiring', 'Nissan Sylphy inspection due in 30 days', NULL, NULL, NULL, NULL, '30 days', '25 days', 'Unhandled', NULL, NULL, NULL, '2026-02-11 10:00:00', '2026-02-16 15:52:00', '2026-02-16 15:52:00', NULL);
INSERT INTO alerts (id, vehicle_id, driver_id, alert_type, severity, title, description, location, latitude, longitude, speed, threshold_value, actual_value, status, handler, handled_at, handle_result, alert_time, created_at, updated_at, deleted_at) VALUES (115, 3, 3, 'Hard Brake', 'Medium', 'Emergency braking alert', 'Emergency braking detected, deceleration exceeded threshold', 'ECP Kallang', 1.3, 103.86, 68, '0.6g', '0.75g', 'Ignored', 'Dispatch Ctr Mgr', '2026-02-11 15:00:00', 'Normal evasive manoeuvre', '2026-02-11 14:45:00', '2026-02-16 15:52:00', '2026-02-16 15:52:00', NULL);
INSERT INTO alerts (id, vehicle_id, driver_id, alert_type, severity, title, description, location, latitude, longitude, speed, threshold_value, actual_value, status, handler, handled_at, handle_result, alert_time, created_at, updated_at, deleted_at) VALUES (116, 6, 6, 'Hard Accel', 'Low', 'Harsh acceleration alert', 'Harsh acceleration detected, exceeded threshold', 'Raffles Place', 1.284, 103.851, 15, '0.4g', '0.52g', 'Ignored', 'Dispatch Ctr Mgr', '2026-02-12 16:00:00', 'Normal start acceleration', '2026-02-12 15:50:00', '2026-02-16 15:52:00', '2026-02-16 15:52:00', NULL);
INSERT INTO alerts (id, vehicle_id, driver_id, alert_type, severity, title, description, location, latitude, longitude, speed, threshold_value, actual_value, status, handler, handled_at, handle_result, alert_time, created_at, updated_at, deleted_at) VALUES (117, 10, 10, 'Geofence', 'High', 'Coach left geofence', 'Vehicle left preset geofence area', 'BKE Woodlands', 1.45, 103.78, 55, '30km radius', '32km', 'Handled', 'Dispatch Ctr Mgr', '2026-02-12 10:30:00', 'Temporary detour confirmed', '2026-02-12 10:15:00', '2026-02-16 15:52:00', '2026-02-16 15:52:00', NULL);
INSERT INTO alerts (id, vehicle_id, driver_id, alert_type, severity, title, description, location, latitude, longitude, speed, threshold_value, actual_value, status, handler, handled_at, handle_result, alert_time, created_at, updated_at, deleted_at) VALUES (118, 7, 7, 'Speeding', 'Medium', 'Truck speeding alert', 'Vehicle travelling 88km/h in 70km/h zone', 'AYE Jurong', 1.305, 103.72, 88, '70 km/h', '88 km/h', 'Handled', 'Dispatch Ctr Mgr', '2026-02-13 08:45:00', 'Driver notified', '2026-02-13 08:30:00', '2026-02-16 15:52:00', '2026-02-16 15:52:00', NULL);
INSERT INTO alerts (id, vehicle_id, driver_id, alert_type, severity, title, description, location, latitude, longitude, speed, threshold_value, actual_value, status, handler, handled_at, handle_result, alert_time, created_at, updated_at, deleted_at) VALUES (119, 2, 2, 'Speeding', 'Medium', 'EV speeding alert', 'Vehicle travelling 95km/h in 80km/h zone', 'AYE towards Tuas', 1.32, 103.638, 95, '80 km/h', '95 km/h', 'Unhandled', NULL, NULL, NULL, '2026-02-13 07:00:00', '2026-02-16 15:52:00', '2026-02-16 15:52:00', NULL);
INSERT INTO alerts (id, vehicle_id, driver_id, alert_type, severity, title, description, location, latitude, longitude, speed, threshold_value, actual_value, status, handler, handled_at, handle_result, alert_time, created_at, updated_at, deleted_at) VALUES (120, 14, 14, 'Long Stop', 'Low', 'Abnormal vehicle stop', 'Vehicle stopped at service centre over 72 hours', 'Isuzu Centre Tuas', 1.32, 103.638, 0, '24 hrs', '96 hrs', 'Handled', 'Fleet Admin Amy', '2026-02-14 15:00:00', 'Engine repair in progress, normal', '2026-02-14 14:30:00', '2026-02-16 15:52:00', '2026-02-16 15:52:00', NULL);
INSERT INTO alerts (id, vehicle_id, driver_id, alert_type, severity, title, description, location, latitude, longitude, speed, threshold_value, actual_value, status, handler, handled_at, handle_result, alert_time, created_at, updated_at, deleted_at) VALUES (121, 8, 8, 'Hard Brake', 'Medium', 'Emergency braking alert', 'Emergency braking detected', 'Woodlands Ave 3', 1.43, 103.79, 55, '0.6g', '0.68g', 'Unhandled', NULL, NULL, NULL, '2026-02-14 09:15:00', '2026-02-16 15:52:00', '2026-02-16 15:52:00', NULL);
INSERT INTO alerts (id, vehicle_id, driver_id, alert_type, severity, title, description, location, latitude, longitude, speed, threshold_value, actual_value, status, handler, handled_at, handle_result, alert_time, created_at, updated_at, deleted_at) VALUES (122, 11, 11, 'Service Due', 'Low', 'Service reminder', 'Hyundai Ioniq 5 approaching next service mileage', NULL, NULL, NULL, NULL, '30000 km', '28500 km', 'Unhandled', NULL, NULL, NULL, '2026-02-15 10:00:00', '2026-02-16 15:52:00', '2026-02-16 15:52:00', NULL);
INSERT INTO alerts (id, vehicle_id, driver_id, alert_type, severity, title, description, location, latitude, longitude, speed, threshold_value, actual_value, status, handler, handled_at, handle_result, alert_time, created_at, updated_at, deleted_at) VALUES (123, 12, 12, 'Insurance Due', 'High', 'Insurance expiring soon', 'Mercedes E200 TP insurance due in 60 days', NULL, NULL, NULL, NULL, '60 days', '55 days', 'Unhandled', NULL, NULL, NULL, '2026-02-15 12:00:00', '2026-02-16 15:52:00', '2026-02-16 15:52:00', NULL);
INSERT INTO alerts (id, vehicle_id, driver_id, alert_type, severity, title, description, location, latitude, longitude, speed, threshold_value, actual_value, status, handler, handled_at, handle_result, alert_time, created_at, updated_at, deleted_at) VALUES (124, 16, 16, 'Speeding', 'Low', 'Urban speeding alert', 'Vehicle travelling 68km/h in 60km/h zone', 'CTE Novena', 1.3, 103.845, 68, '60 km/h', '68 km/h', 'Ignored', 'Dispatch Ctr', '2026-02-15 14:00:00', 'Minor speeding ignored', '2026-02-15 21:00:00', '2026-02-16 15:52:00', '2026-02-16 15:52:00', NULL);
INSERT INTO alerts (id, vehicle_id, driver_id, alert_type, severity, title, description, location, latitude, longitude, speed, threshold_value, actual_value, status, handler, handled_at, handle_result, alert_time, created_at, updated_at, deleted_at) VALUES (125, 17, 17, 'Hard Brake', 'Medium', 'Emergency braking alert', 'Emergency braking in CBD area', 'Marina Bay FC', 1.281, 103.854, 45, '0.6g', '0.72g', 'Unhandled', NULL, NULL, NULL, '2026-02-15 21:10:00', '2026-02-16 15:52:00', '2026-02-16 15:52:00', NULL);
INSERT INTO alerts (id, vehicle_id, driver_id, alert_type, severity, title, description, location, latitude, longitude, speed, threshold_value, actual_value, status, handler, handled_at, handle_result, alert_time, created_at, updated_at, deleted_at) VALUES (126, 18, 18, 'Device Offline', 'Low', 'Weak GPS signal', 'EV truck GPS signal weak, accuracy degraded', 'Underground carpark', 1.32, 103.638, 0, 'Normal', 'Weak', 'Ignored', 'Fleet Admin', '2026-02-15 22:30:00', 'Underground carpark signal block', '2026-02-15 20:00:00', '2026-02-16 15:52:00', '2026-02-16 15:52:00', NULL);
-- alerts: 18 rows

INSERT INTO drivers (id, name, gender, phone, id_card, license_no, license_type, license_expire_date, hire_date, department, status, assigned_vehicle_id, emergency_contact, emergency_phone, address, driving_years, violation_count, accident_count, rating, avatar_url, notes, created_at, updated_at, deleted_at) VALUES (1, 'Tan Wei Ming', 'M', '81234501', 'S8501011A', 'DL-S8501011A', 'Class 3', '2026-05-01', '2020-03-01', 'CEO Office', 'Active', 1, 'Tan Siew Eng', '91234501', 'Blk 123 Orchard Road #08-01', 15, 0, 0, 5, NULL, 'CEO dedicated driver', '2026-02-16 15:52:00', '2026-02-16 15:52:00', NULL);
INSERT INTO drivers (id, name, gender, phone, id_card, license_no, license_type, license_expire_date, hire_date, department, status, assigned_vehicle_id, emergency_contact, emergency_phone, address, driving_years, violation_count, accident_count, rating, avatar_url, notes, created_at, updated_at, deleted_at) VALUES (2, 'Ahmad bin Ismail', 'M', '81234502', 'S8802022B', 'DL-S8802022B', 'Class 3', '2025-08-15', '2021-06-15', 'Sales', 'Active', 2, 'Fatimah bte Osman', '91234502', 'Blk 456 Tampines St 21 #12-05', 12, 1, 0, 4.8, NULL, NULL, '2026-02-16 15:52:00', '2026-02-16 15:52:00', NULL);
INSERT INTO drivers (id, name, gender, phone, id_card, license_no, license_type, license_expire_date, hire_date, department, status, assigned_vehicle_id, emergency_contact, emergency_phone, address, driving_years, violation_count, accident_count, rating, avatar_url, notes, created_at, updated_at, deleted_at) VALUES (3, 'Raj Kumar', 'M', '81234503', 'S9003033C', 'DL-S9003033C', 'Class 4', '2026-03-20', '2019-01-10', 'Admin', 'Active', 3, 'Priya Devi', '91234503', '15 Bukit Timah Road', 10, 2, 0, 4.6, NULL, 'Part-time bus driver', '2026-02-16 15:52:00', '2026-02-16 15:52:00', NULL);
INSERT INTO drivers (id, name, gender, phone, id_card, license_no, license_type, license_expire_date, hire_date, department, status, assigned_vehicle_id, emergency_contact, emergency_phone, address, driving_years, violation_count, accident_count, rating, avatar_url, notes, created_at, updated_at, deleted_at) VALUES (4, 'Chen Li Hua', 'F', '81234504', 'S9204044D', 'DL-S9204044D', 'Class 3', '2025-12-10', '2021-09-01', 'Marketing', 'Active', 4, 'Chen Wei', '91234504', 'Blk 789 Jurong West St 61 #05-03', 8, 0, 0, 4.9, NULL, NULL, '2026-02-16 15:52:00', '2026-02-16 15:52:00', NULL);
INSERT INTO drivers (id, name, gender, phone, id_card, license_no, license_type, license_expire_date, hire_date, department, status, assigned_vehicle_id, emergency_contact, emergency_phone, address, driving_years, violation_count, accident_count, rating, avatar_url, notes, created_at, updated_at, deleted_at) VALUES (5, 'Muhammad Rizal', 'M', '81234505', 'S8706055E', 'DL-S8706055E', 'Class 4', '2026-07-01', '2018-04-15', 'Engineering', 'Active', 5, 'Nur Aisyah', '91234505', '28 Pasir Ris Drive 4', 13, 1, 1, 4.5, NULL, NULL, '2026-02-16 15:52:00', '2026-02-16 15:52:00', NULL);
INSERT INTO drivers (id, name, gender, phone, id_card, license_no, license_type, license_expire_date, hire_date, department, status, assigned_vehicle_id, emergency_contact, emergency_phone, address, driving_years, violation_count, accident_count, rating, avatar_url, notes, created_at, updated_at, deleted_at) VALUES (6, 'Lim Kah Seng', 'M', '81234506', 'S8908066F', 'DL-S8908066F', 'Class 3', '2026-01-20', '2022-02-01', 'Product', 'Active', 6, 'Lim Mei Ling', '91234506', '5 Tanjong Pagar Road', 11, 0, 0, 4.7, NULL, NULL, '2026-02-16 15:52:00', '2026-02-16 15:52:00', NULL);
INSERT INTO drivers (id, name, gender, phone, id_card, license_no, license_type, license_expire_date, hire_date, department, status, assigned_vehicle_id, emergency_contact, emergency_phone, address, driving_years, violation_count, accident_count, rating, avatar_url, notes, created_at, updated_at, deleted_at) VALUES (7, 'Siva Rajan', 'M', '81234507', 'S8509077G', 'DL-S8509077G', 'Class 4', '2025-09-15', '2017-06-01', 'Logistics', 'Active', 7, 'Lakshmi', '91234507', 'Blk 301 Woodlands Ave 1 #09-11', 15, 3, 1, 4.3, NULL, 'Heavy vehicle specialist', '2026-02-16 15:52:00', '2026-02-16 15:52:00', NULL);
INSERT INTO drivers (id, name, gender, phone, id_card, license_no, license_type, license_expire_date, hire_date, department, status, assigned_vehicle_id, emergency_contact, emergency_phone, address, driving_years, violation_count, accident_count, rating, avatar_url, notes, created_at, updated_at, deleted_at) VALUES (8, 'Ong Beng Huat', 'M', '81234508', 'S8710088H', 'DL-S8710088H', 'Class 4', '2026-02-28', '2018-09-01', 'Logistics', 'Active', 8, 'Ong Siew Lan', '91234508', 'Blk 520 Ang Mo Kio Ave 10 #03-07', 13, 2, 0, 4.4, NULL, NULL, '2026-02-16 15:52:00', '2026-02-16 15:52:00', NULL);
INSERT INTO drivers (id, name, gender, phone, id_card, license_no, license_type, license_expire_date, hire_date, department, status, assigned_vehicle_id, emergency_contact, emergency_phone, address, driving_years, violation_count, accident_count, rating, avatar_url, notes, created_at, updated_at, deleted_at) VALUES (9, 'Abdul Rahman', 'M', '81234509', 'S8611099J', 'DL-S8611099J', 'Class 5', '2025-11-30', '2016-03-15', 'Admin', 'Active', 9, 'Aminah bte Yusof', '91234509', 'Blk 102 Hougang Ave 1 #06-15', 14, 1, 0, 4.6, NULL, 'Bus driver', '2026-02-16 15:52:00', '2026-02-16 15:52:00', NULL);
INSERT INTO drivers (id, name, gender, phone, id_card, license_no, license_type, license_expire_date, hire_date, department, status, assigned_vehicle_id, emergency_contact, emergency_phone, address, driving_years, violation_count, accident_count, rating, avatar_url, notes, created_at, updated_at, deleted_at) VALUES (10, 'Goh Chee Keong', 'M', '81234510', 'S8412100K', 'DL-S8412100K', 'Class 5', '2026-06-15', '2015-08-01', 'Admin', 'Active', 10, 'Goh Mei Fong', '91234510', 'Blk 205 Toa Payoh Lor 8 #11-02', 16, 0, 0, 4.8, NULL, 'Coach driver', '2026-02-16 15:52:00', '2026-02-16 15:52:00', NULL);
INSERT INTO drivers (id, name, gender, phone, id_card, license_no, license_type, license_expire_date, hire_date, department, status, assigned_vehicle_id, emergency_contact, emergency_phone, address, driving_years, violation_count, accident_count, rating, avatar_url, notes, created_at, updated_at, deleted_at) VALUES (11, 'Nurul Huda', 'F', '81234511', 'S9305111L', 'DL-S9305111L', 'Class 3', '2027-03-01', '2022-07-01', 'HR', 'Active', 11, 'Hakim bin Ali', '91234511', 'Blk 88 Bedok North Road #07-22', 7, 0, 0, 4.9, NULL, NULL, '2026-02-16 15:52:00', '2026-02-16 15:52:00', NULL);
INSERT INTO drivers (id, name, gender, phone, id_card, license_no, license_type, license_expire_date, hire_date, department, status, assigned_vehicle_id, emergency_contact, emergency_phone, address, driving_years, violation_count, accident_count, rating, avatar_url, notes, created_at, updated_at, deleted_at) VALUES (12, 'David Tan', 'M', '81234512', 'S9106122M', 'DL-S9106122M', 'Class 3', '2025-06-20', '2020-11-01', 'Finance', 'Active', 12, 'Sarah Tan', '91234512', '10 Holland Road', 9, 1, 0, 4.5, NULL, NULL, '2026-02-16 15:52:00', '2026-02-16 15:52:00', NULL);
INSERT INTO drivers (id, name, gender, phone, id_card, license_no, license_type, license_expire_date, hire_date, department, status, assigned_vehicle_id, emergency_contact, emergency_phone, address, driving_years, violation_count, accident_count, rating, avatar_url, notes, created_at, updated_at, deleted_at) VALUES (13, 'Kevin Wong', 'M', '81234513', 'S8807133N', 'DL-S8807133N', 'Class 3', '2026-04-10', '2021-03-01', 'Admin', 'On Leave', 13, 'Jenny Wong', '91234513', 'Blk 150 Bishan St 11 #04-08', 12, 0, 0, 4.7, NULL, 'On annual leave', '2026-02-16 15:52:00', '2026-02-16 15:52:00', NULL);
INSERT INTO drivers (id, name, gender, phone, id_card, license_no, license_type, license_expire_date, hire_date, department, status, assigned_vehicle_id, emergency_contact, emergency_phone, address, driving_years, violation_count, accident_count, rating, avatar_url, notes, created_at, updated_at, deleted_at) VALUES (14, 'Suresh Naidu', 'M', '81234514', 'S8609144P', 'DL-S8609144P', 'Class 4', '2025-10-05', '2019-05-01', 'Logistics', 'Active', 14, 'Meera', '91234514', 'Blk 410 Yishun Ring Road #08-03', 14, 4, 2, 4, NULL, 'Vehicle under repair, on standby', '2026-02-16 15:52:00', '2026-02-16 15:52:00', NULL);
INSERT INTO drivers (id, name, gender, phone, id_card, license_no, license_type, license_expire_date, hire_date, department, status, assigned_vehicle_id, emergency_contact, emergency_phone, address, driving_years, violation_count, accident_count, rating, avatar_url, notes, created_at, updated_at, deleted_at) VALUES (15, 'Jason Lee', 'M', '81234515', 'S9208155Q', 'DL-S9208155Q', 'Class 3', '2027-01-15', '2023-01-01', 'R&D', 'Active', 15, 'Michelle Lee', '91234515', '22 Clementi Road', 8, 0, 0, 5, NULL, NULL, '2026-02-16 15:52:00', '2026-02-16 15:52:00', NULL);
INSERT INTO drivers (id, name, gender, phone, id_card, license_no, license_type, license_expire_date, hire_date, department, status, assigned_vehicle_id, emergency_contact, emergency_phone, address, driving_years, violation_count, accident_count, rating, avatar_url, notes, created_at, updated_at, deleted_at) VALUES (16, 'Priscilla Teo', 'F', '81234516', 'S9409166R', 'DL-S9409166R', 'Class 3', '2026-09-30', '2023-03-01', 'Operations', 'Active', 16, 'Teo Ah Kow', '91234516', 'Blk 330 Bukit Batok St 33 #02-11', 6, 0, 0, 4.8, NULL, NULL, '2026-02-16 15:52:00', '2026-02-16 15:52:00', NULL);
INSERT INTO drivers (id, name, gender, phone, id_card, license_no, license_type, license_expire_date, hire_date, department, status, assigned_vehicle_id, emergency_contact, emergency_phone, address, driving_years, violation_count, accident_count, rating, avatar_url, notes, created_at, updated_at, deleted_at) VALUES (17, 'Alvin Chua', 'M', '81234517', 'S9010177S', 'DL-S9010177S', 'Class 3', '2026-05-20', '2022-05-01', 'Customer Svc', 'Active', 17, 'Chua Bee Lian', '91234517', 'Blk 620 Sengkang East Way #10-05', 10, 1, 0, 4.6, NULL, NULL, '2026-02-16 15:52:00', '2026-02-16 15:52:00', NULL);
INSERT INTO drivers (id, name, gender, phone, id_card, license_no, license_type, license_expire_date, hire_date, department, status, assigned_vehicle_id, emergency_contact, emergency_phone, address, driving_years, violation_count, accident_count, rating, avatar_url, notes, created_at, updated_at, deleted_at) VALUES (18, 'Hafiz bin Osman', 'M', '81234518', 'S8811188T', 'DL-S8811188T', 'Class 4', '2025-12-25', '2020-08-01', 'Logistics', 'Active', 18, 'Siti Nor', '91234518', 'Blk 230 Choa Chu Kang Ave 1 #09-04', 12, 0, 0, 4.7, NULL, 'EV truck driver', '2026-02-16 15:52:00', '2026-02-16 15:52:00', NULL);
-- drivers: 18 rows

INSERT INTO fuel_records (id, vehicle_id, driver_id, fuel_date, fuel_type, quantity, unit_price, total_cost, mileage_at_fuel, gas_station, payment_method, invoice_no, is_full_tank, notes, created_at, updated_at, deleted_at) VALUES (211, 3, 3, '2026-01-17 08:00:00', 'RON 95', 50, 2.72, 136, 66000, 'Shell Raffles Place', 'Corp Card', NULL, 1, NULL, '2026-02-16 15:52:00', '2026-02-16 15:52:00', NULL);
INSERT INTO fuel_records (id, vehicle_id, driver_id, fuel_date, fuel_type, quantity, unit_price, total_cost, mileage_at_fuel, gas_station, payment_method, invoice_no, is_full_tank, notes, created_at, updated_at, deleted_at) VALUES (212, 4, 4, '2026-01-19 09:00:00', 'RON 95', 40, 2.72, 108.8, 53000, 'SPC Jurong East', 'Corp Card', NULL, 1, NULL, '2026-02-16 15:52:00', '2026-02-16 15:52:00', NULL);
INSERT INTO fuel_records (id, vehicle_id, driver_id, fuel_date, fuel_type, quantity, unit_price, total_cost, mileage_at_fuel, gas_station, payment_method, invoice_no, is_full_tank, notes, created_at, updated_at, deleted_at) VALUES (213, 5, 5, '2026-01-21 15:00:00', 'Diesel', 65, 2.55, 165.75, 47000, 'Caltex Tuas', 'Fuel Card', NULL, 1, NULL, '2026-02-16 15:52:00', '2026-02-16 15:52:00', NULL);
INSERT INTO fuel_records (id, vehicle_id, driver_id, fuel_date, fuel_type, quantity, unit_price, total_cost, mileage_at_fuel, gas_station, payment_method, invoice_no, is_full_tank, notes, created_at, updated_at, deleted_at) VALUES (214, 7, 7, '2026-01-22 07:00:00', 'Diesel', 85, 2.55, 216.75, 122000, 'Shell Tuas Industrial', 'Fuel Card', NULL, 1, 'Full tank', '2026-02-16 15:52:00', '2026-02-16 15:52:00', NULL);
INSERT INTO fuel_records (id, vehicle_id, driver_id, fuel_date, fuel_type, quantity, unit_price, total_cost, mileage_at_fuel, gas_station, payment_method, invoice_no, is_full_tank, notes, created_at, updated_at, deleted_at) VALUES (215, 8, 8, '2026-01-23 16:00:00', 'Diesel', 70, 2.55, 178.5, 96000, 'Esso Woodlands', 'Fuel Card', NULL, 1, NULL, '2026-02-16 15:52:00', '2026-02-16 15:52:00', NULL);
INSERT INTO fuel_records (id, vehicle_id, driver_id, fuel_date, fuel_type, quantity, unit_price, total_cost, mileage_at_fuel, gas_station, payment_method, invoice_no, is_full_tank, notes, created_at, updated_at, deleted_at) VALUES (216, 9, 9, '2026-01-24 06:30:00', 'Diesel', 160, 2.55, 408, 178000, 'SPC Woodlands', 'Fuel Card', NULL, 1, 'Bus refuel', '2026-02-16 15:52:00', '2026-02-16 15:52:00', NULL);
INSERT INTO fuel_records (id, vehicle_id, driver_id, fuel_date, fuel_type, quantity, unit_price, total_cost, mileage_at_fuel, gas_station, payment_method, invoice_no, is_full_tank, notes, created_at, updated_at, deleted_at) VALUES (217, 10, 10, '2026-01-25 06:30:00', 'Diesel', 250, 2.55, 637.5, 143000, 'Shell Toa Payoh', 'Fuel Card', NULL, 1, 'Coach refuel', '2026-02-16 15:52:00', '2026-02-16 15:52:00', NULL);
INSERT INTO fuel_records (id, vehicle_id, driver_id, fuel_date, fuel_type, quantity, unit_price, total_cost, mileage_at_fuel, gas_station, payment_method, invoice_no, is_full_tank, notes, created_at, updated_at, deleted_at) VALUES (218, 12, 12, '2026-01-26 14:00:00', 'RON 98', 55, 3.17, 174.35, 60000, 'Shell Holland Road', 'Corp Card', NULL, 1, NULL, '2026-02-16 15:52:00', '2026-02-16 15:52:00', NULL);
INSERT INTO fuel_records (id, vehicle_id, driver_id, fuel_date, fuel_type, quantity, unit_price, total_cost, mileage_at_fuel, gas_station, payment_method, invoice_no, is_full_tank, notes, created_at, updated_at, deleted_at) VALUES (219, 3, 3, '2026-01-28 08:30:00', 'RON 95', 48, 2.75, 132, 67200, 'Shell Raffles Place', 'Corp Card', NULL, 1, NULL, '2026-02-16 15:52:00', '2026-02-16 15:52:00', NULL);
INSERT INTO fuel_records (id, vehicle_id, driver_id, fuel_date, fuel_type, quantity, unit_price, total_cost, mileage_at_fuel, gas_station, payment_method, invoice_no, is_full_tank, notes, created_at, updated_at, deleted_at) VALUES (220, 4, 4, '2026-01-29 10:00:00', 'RON 95', 38, 2.75, 104.5, 54200, 'SPC Jurong East', 'Corp Card', NULL, 1, NULL, '2026-02-16 15:52:00', '2026-02-16 15:52:00', NULL);
INSERT INTO fuel_records (id, vehicle_id, driver_id, fuel_date, fuel_type, quantity, unit_price, total_cost, mileage_at_fuel, gas_station, payment_method, invoice_no, is_full_tank, notes, created_at, updated_at, deleted_at) VALUES (221, 7, 7, '2026-01-30 07:30:00', 'Diesel', 80, 2.58, 206.4, 123500, 'Shell Tuas Industrial', 'Fuel Card', NULL, 1, NULL, '2026-02-16 15:52:00', '2026-02-16 15:52:00', NULL);
INSERT INTO fuel_records (id, vehicle_id, driver_id, fuel_date, fuel_type, quantity, unit_price, total_cost, mileage_at_fuel, gas_station, payment_method, invoice_no, is_full_tank, notes, created_at, updated_at, deleted_at) VALUES (222, 5, 5, '2026-01-31 15:30:00', 'Diesel', 62, 2.58, 159.96, 48200, 'Caltex Tuas', 'Fuel Card', NULL, 1, NULL, '2026-02-16 15:52:00', '2026-02-16 15:52:00', NULL);
INSERT INTO fuel_records (id, vehicle_id, driver_id, fuel_date, fuel_type, quantity, unit_price, total_cost, mileage_at_fuel, gas_station, payment_method, invoice_no, is_full_tank, notes, created_at, updated_at, deleted_at) VALUES (223, 6, 6, '2026-02-01 14:00:00', 'RON 98', 68, 3.17, 215.56, 27500, 'Esso Tanjong Pagar', 'Corp Card', NULL, 1, NULL, '2026-02-16 15:52:00', '2026-02-16 15:52:00', NULL);
INSERT INTO fuel_records (id, vehicle_id, driver_id, fuel_date, fuel_type, quantity, unit_price, total_cost, mileage_at_fuel, gas_station, payment_method, invoice_no, is_full_tank, notes, created_at, updated_at, deleted_at) VALUES (224, 8, 8, '2026-02-02 16:30:00', 'Diesel', 72, 2.58, 185.76, 97600, 'Esso Woodlands', 'Fuel Card', NULL, 1, NULL, '2026-02-16 15:52:00', '2026-02-16 15:52:00', NULL);
INSERT INTO fuel_records (id, vehicle_id, driver_id, fuel_date, fuel_type, quantity, unit_price, total_cost, mileage_at_fuel, gas_station, payment_method, invoice_no, is_full_tank, notes, created_at, updated_at, deleted_at) VALUES (225, 17, 17, '2026-02-03 09:00:00', 'RON 95', 35, 2.72, 95.2, 27200, 'SPC Sengkang', 'Corp Card', NULL, 1, NULL, '2026-02-16 15:52:00', '2026-02-16 15:52:00', NULL);
INSERT INTO fuel_records (id, vehicle_id, driver_id, fuel_date, fuel_type, quantity, unit_price, total_cost, mileage_at_fuel, gas_station, payment_method, invoice_no, is_full_tank, notes, created_at, updated_at, deleted_at) VALUES (226, 19, 19, '2026-02-04 10:00:00', 'RON 95', 42, 2.72, 114.24, 50000, 'Caltex Bedok', 'Corp Card', NULL, 1, NULL, '2026-02-16 15:52:00', '2026-02-16 15:52:00', NULL);
INSERT INTO fuel_records (id, vehicle_id, driver_id, fuel_date, fuel_type, quantity, unit_price, total_cost, mileage_at_fuel, gas_station, payment_method, invoice_no, is_full_tank, notes, created_at, updated_at, deleted_at) VALUES (227, 9, 9, '2026-02-06 06:30:00', 'Diesel', 155, 2.55, 395.25, 179500, 'SPC Woodlands', 'Fuel Card', NULL, 1, NULL, '2026-02-16 15:52:00', '2026-02-16 15:52:00', NULL);
INSERT INTO fuel_records (id, vehicle_id, driver_id, fuel_date, fuel_type, quantity, unit_price, total_cost, mileage_at_fuel, gas_station, payment_method, invoice_no, is_full_tank, notes, created_at, updated_at, deleted_at) VALUES (228, 3, 3, '2026-02-08 08:00:00', 'RON 95', 50, 2.78, 139, 67800, 'Shell Raffles Place', 'Corp Card', NULL, 1, NULL, '2026-02-16 15:52:00', '2026-02-16 15:52:00', NULL);
INSERT INTO fuel_records (id, vehicle_id, driver_id, fuel_date, fuel_type, quantity, unit_price, total_cost, mileage_at_fuel, gas_station, payment_method, invoice_no, is_full_tank, notes, created_at, updated_at, deleted_at) VALUES (229, 10, 10, '2026-02-09 06:30:00', 'Diesel', 240, 2.58, 619.2, 144600, 'Shell Toa Payoh', 'Fuel Card', NULL, 1, NULL, '2026-02-16 15:52:00', '2026-02-16 15:52:00', NULL);
INSERT INTO fuel_records (id, vehicle_id, driver_id, fuel_date, fuel_type, quantity, unit_price, total_cost, mileage_at_fuel, gas_station, payment_method, invoice_no, is_full_tank, notes, created_at, updated_at, deleted_at) VALUES (230, 12, 12, '2026-02-10 14:00:00', 'RON 98', 52, 3.2, 166.4, 61600, 'Shell Holland Road', 'Corp Card', NULL, 1, NULL, '2026-02-16 15:52:00', '2026-02-16 15:52:00', NULL);
INSERT INTO fuel_records (id, vehicle_id, driver_id, fuel_date, fuel_type, quantity, unit_price, total_cost, mileage_at_fuel, gas_station, payment_method, invoice_no, is_full_tank, notes, created_at, updated_at, deleted_at) VALUES (231, 7, 7, '2026-02-11 07:00:00', 'Diesel', 82, 2.6, 213.2, 124800, 'Shell Tuas Industrial', 'Fuel Card', NULL, 1, NULL, '2026-02-16 15:52:00', '2026-02-16 15:52:00', NULL);
INSERT INTO fuel_records (id, vehicle_id, driver_id, fuel_date, fuel_type, quantity, unit_price, total_cost, mileage_at_fuel, gas_station, payment_method, invoice_no, is_full_tank, notes, created_at, updated_at, deleted_at) VALUES (232, 4, 4, '2026-02-12 10:00:00', 'RON 95', 40, 2.78, 111.2, 55200, 'SPC Jurong East', 'Corp Card', NULL, 1, NULL, '2026-02-16 15:52:00', '2026-02-16 15:52:00', NULL);
INSERT INTO fuel_records (id, vehicle_id, driver_id, fuel_date, fuel_type, quantity, unit_price, total_cost, mileage_at_fuel, gas_station, payment_method, invoice_no, is_full_tank, notes, created_at, updated_at, deleted_at) VALUES (233, 5, 5, '2026-02-13 15:00:00', 'Diesel', 65, 2.6, 169, 48600, 'Caltex Tuas', 'Fuel Card', NULL, 1, NULL, '2026-02-16 15:52:00', '2026-02-16 15:52:00', NULL);
INSERT INTO fuel_records (id, vehicle_id, driver_id, fuel_date, fuel_type, quantity, unit_price, total_cost, mileage_at_fuel, gas_station, payment_method, invoice_no, is_full_tank, notes, created_at, updated_at, deleted_at) VALUES (234, 17, 17, '2026-02-14 09:00:00', 'RON 95', 36, 2.75, 99, 27700, 'SPC Sengkang', 'Corp Card', NULL, 1, NULL, '2026-02-16 15:52:00', '2026-02-16 15:52:00', NULL);
INSERT INTO fuel_records (id, vehicle_id, driver_id, fuel_date, fuel_type, quantity, unit_price, total_cost, mileage_at_fuel, gas_station, payment_method, invoice_no, is_full_tank, notes, created_at, updated_at, deleted_at) VALUES (235, 6, 6, '2026-02-15 14:00:00', 'RON 98', 65, 3.2, 208, 28900, 'Esso Tanjong Pagar', 'Corp Card', NULL, 1, NULL, '2026-02-16 15:52:00', '2026-02-16 15:52:00', NULL);
INSERT INTO fuel_records (id, vehicle_id, driver_id, fuel_date, fuel_type, quantity, unit_price, total_cost, mileage_at_fuel, gas_station, payment_method, invoice_no, is_full_tank, notes, created_at, updated_at, deleted_at) VALUES (236, 1, 1, '2026-01-27 22:00:00', 'Charging', 65, 0.55, 35.75, 41800, 'SP Group Charger Raffles', 'Corp Card', NULL, 1, 'Mercedes S450L PHEV charge', '2026-02-16 15:52:00', '2026-02-16 15:52:00', NULL);
INSERT INTO fuel_records (id, vehicle_id, driver_id, fuel_date, fuel_type, quantity, unit_price, total_cost, mileage_at_fuel, gas_station, payment_method, invoice_no, is_full_tank, notes, created_at, updated_at, deleted_at) VALUES (237, 2, 2, '2026-02-08 21:30:00', 'Charging', 58, 0.55, 31.9, 42300, 'Tesla Supercharger Orchard', 'Corp Card', NULL, 1, NULL, '2026-02-16 15:52:00', '2026-02-16 15:52:00', NULL);
INSERT INTO fuel_records (id, vehicle_id, driver_id, fuel_date, fuel_type, quantity, unit_price, total_cost, mileage_at_fuel, gas_station, payment_method, invoice_no, is_full_tank, notes, created_at, updated_at, deleted_at) VALUES (238, 2, 2, '2026-01-29 20:00:00', 'Charging', 70, 0.68, 47.6, 37500, 'Tesla Supercharger CBD', 'Corp Card', NULL, 1, 'Model Y supercharge', '2026-02-16 15:52:00', '2026-02-16 15:52:00', NULL);
INSERT INTO fuel_records (id, vehicle_id, driver_id, fuel_date, fuel_type, quantity, unit_price, total_cost, mileage_at_fuel, gas_station, payment_method, invoice_no, is_full_tank, notes, created_at, updated_at, deleted_at) VALUES (239, 11, 11, '2026-02-10 19:30:00', 'Charging', 62, 0.55, 34.1, 38000, 'BlueSG Charger Bedok', 'Corp Card', NULL, 1, NULL, '2026-02-16 15:52:00', '2026-02-16 15:52:00', NULL);
INSERT INTO fuel_records (id, vehicle_id, driver_id, fuel_date, fuel_type, quantity, unit_price, total_cost, mileage_at_fuel, gas_station, payment_method, invoice_no, is_full_tank, notes, created_at, updated_at, deleted_at) VALUES (240, 15, 15, '2026-02-01 21:00:00', 'Charging', 75, 0.55, 41.25, 14200, 'Shell Recharge One North', 'Corp Card', NULL, 1, 'BMW iX3 fast charge', '2026-02-16 15:52:00', '2026-02-16 15:52:00', NULL);
INSERT INTO fuel_records (id, vehicle_id, driver_id, fuel_date, fuel_type, quantity, unit_price, total_cost, mileage_at_fuel, gas_station, payment_method, invoice_no, is_full_tank, notes, created_at, updated_at, deleted_at) VALUES (241, 15, 15, '2026-02-11 20:00:00', 'Charging', 72, 0.55, 39.6, 14800, 'SP Group Charger Clementi', 'Corp Card', NULL, 1, NULL, '2026-02-16 15:52:00', '2026-02-16 15:52:00', NULL);
INSERT INTO fuel_records (id, vehicle_id, driver_id, fuel_date, fuel_type, quantity, unit_price, total_cost, mileage_at_fuel, gas_station, payment_method, invoice_no, is_full_tank, notes, created_at, updated_at, deleted_at) VALUES (242, 16, 16, '2026-02-04 22:30:00', 'Charging', 50, 0.42, 21, 19200, 'BlueSG Charger Bukit Batok', 'Corp Card', NULL, 1, 'Atto 3 slow charge', '2026-02-16 15:52:00', '2026-02-16 15:52:00', NULL);
INSERT INTO fuel_records (id, vehicle_id, driver_id, fuel_date, fuel_type, quantity, unit_price, total_cost, mileage_at_fuel, gas_station, payment_method, invoice_no, is_full_tank, notes, created_at, updated_at, deleted_at) VALUES (243, 18, 18, '2026-02-06 23:00:00', 'Charging', 80, 0.42, 33.6, 34200, 'Tuas Warehouse Charger', 'Corp Card', NULL, 1, 'EV truck overnight charge', '2026-02-16 15:52:00', '2026-02-16 15:52:00', NULL);
INSERT INTO fuel_records (id, vehicle_id, driver_id, fuel_date, fuel_type, quantity, unit_price, total_cost, mileage_at_fuel, gas_station, payment_method, invoice_no, is_full_tank, notes, created_at, updated_at, deleted_at) VALUES (244, 20, NULL, '2026-02-09 21:00:00', 'Charging', 86, 0.55, 47.3, 7500, 'Tesla Supercharger Marina', 'Corp Card', NULL, 1, 'Model 3 charge (pre-decommission)', '2026-02-16 15:52:00', '2026-02-16 15:52:00', NULL);
INSERT INTO fuel_records (id, vehicle_id, driver_id, fuel_date, fuel_type, quantity, unit_price, total_cost, mileage_at_fuel, gas_station, payment_method, invoice_no, is_full_tank, notes, created_at, updated_at, deleted_at) VALUES (245, 11, 11, '2026-02-13 20:30:00', 'Charging', 18, 0.42, 7.56, 21500, 'SP Group Charger Ang Mo Kio', 'Corp Card', NULL, 0, 'Ioniq 5 top-up', '2026-02-16 15:52:00', '2026-02-16 15:52:00', NULL);
-- fuel_records: 35 rows

INSERT INTO gps_tracking (id, vehicle_id, latitude, longitude, speed, heading, altitude, location_name, status, recorded_at, created_at) VALUES (499, 1, 1.284, 103.851, 45, 90, 15, 'Raffles Place, CBD', 'Moving', '2026-02-15 22:00:00', '2026-02-16 15:52:00');
INSERT INTO gps_tracking (id, vehicle_id, latitude, longitude, speed, heading, altitude, location_name, status, recorded_at, created_at) VALUES (500, 1, 1.3, 103.86, 62, 80, 12, 'Kallang, ECP', 'Moving', '2026-02-15 23:45:00', '2026-02-16 15:52:00');
INSERT INTO gps_tracking (id, vehicle_id, latitude, longitude, speed, heading, altitude, location_name, status, recorded_at, created_at) VALUES (501, 1, 1.32, 103.88, 0, 0, 10, 'Paya Lebar', 'Parked', '2026-02-15 23:15:00', '2026-02-16 15:52:00');
INSERT INTO gps_tracking (id, vehicle_id, latitude, longitude, speed, heading, altitude, location_name, status, recorded_at, created_at) VALUES (502, 2, 1.284, 103.851, 55, 270, 15, 'Raffles Place, CBD', 'Moving', '2026-02-15 23:50:00', '2026-02-16 15:52:00');
INSERT INTO gps_tracking (id, vehicle_id, latitude, longitude, speed, heading, altitude, location_name, status, recorded_at, created_at) VALUES (503, 2, 1.31, 103.76, 88, 270, 8, 'Jurong East', 'Moving', '2026-02-15 23:10:00', '2026-02-16 15:52:00');
INSERT INTO gps_tracking (id, vehicle_id, latitude, longitude, speed, heading, altitude, location_name, status, recorded_at, created_at) VALUES (504, 3, 1.284, 103.851, 0, 0, 15, 'Raffles Place, CBD', 'Parked', '2026-02-15 21:00:00', '2026-02-16 15:52:00');
INSERT INTO gps_tracking (id, vehicle_id, latitude, longitude, speed, heading, altitude, location_name, status, recorded_at, created_at) VALUES (505, 3, 1.33, 103.74, 72, 270, 10, 'Jurong West', 'Moving', '2026-02-15 22:10:00', '2026-02-16 15:52:00');
INSERT INTO gps_tracking (id, vehicle_id, latitude, longitude, speed, heading, altitude, location_name, status, recorded_at, created_at) VALUES (506, 4, 1.284, 103.851, 38, 270, 15, 'Raffles Place, CBD', 'Moving', '2026-02-15 23:40:00', '2026-02-16 15:52:00');
INSERT INTO gps_tracking (id, vehicle_id, latitude, longitude, speed, heading, altitude, location_name, status, recorded_at, created_at) VALUES (507, 4, 1.299, 103.787, 42, 270, 12, 'One North, Fusionopolis', 'Moving', '2026-02-15 23:05:00', '2026-02-16 15:52:00');
INSERT INTO gps_tracking (id, vehicle_id, latitude, longitude, speed, heading, altitude, location_name, status, recorded_at, created_at) VALUES (508, 5, 1.284, 103.851, 50, 180, 15, 'Raffles Place, CBD', 'Moving', '2026-02-15 22:30:00', '2026-02-16 15:52:00');
INSERT INTO gps_tracking (id, vehicle_id, latitude, longitude, speed, heading, altitude, location_name, status, recorded_at, created_at) VALUES (509, 5, 1.35, 103.753, 80, 0, 5, 'Woodlands Checkpoint', 'Moving', '2026-02-14 23:00:00', '2026-02-16 15:52:00');
INSERT INTO gps_tracking (id, vehicle_id, latitude, longitude, speed, heading, altitude, location_name, status, recorded_at, created_at) VALUES (510, 6, 1.284, 103.851, 65, 90, 15, 'Raffles Place, CBD', 'Moving', '2026-02-15 22:20:00', '2026-02-16 15:52:00');
INSERT INTO gps_tracking (id, vehicle_id, latitude, longitude, speed, heading, altitude, location_name, status, recorded_at, created_at) VALUES (511, 6, 1.334, 103.963, 70, 90, 8, 'Changi Business Park', 'Moving', '2026-02-15 00:30:00', '2026-02-16 15:52:00');
INSERT INTO gps_tracking (id, vehicle_id, latitude, longitude, speed, heading, altitude, location_name, status, recorded_at, created_at) VALUES (512, 7, 1.32, 103.638, 45, 90, 5, 'Tuas Industrial Estate', 'Moving', '2026-02-15 23:30:00', '2026-02-16 15:52:00');
INSERT INTO gps_tracking (id, vehicle_id, latitude, longitude, speed, heading, altitude, location_name, status, recorded_at, created_at) VALUES (513, 7, 1.29, 103.78, 35, 90, 10, 'Queenstown', 'Moving', '2026-02-16 00:55:00', '2026-02-16 15:52:00');
INSERT INTO gps_tracking (id, vehicle_id, latitude, longitude, speed, heading, altitude, location_name, status, recorded_at, created_at) VALUES (514, 7, 1.281, 103.854, 0, 0, 15, 'Marina Bay FC', 'Parked', '2026-02-16 00:30:00', '2026-02-16 15:52:00');
INSERT INTO gps_tracking (id, vehicle_id, latitude, longitude, speed, heading, altitude, location_name, status, recorded_at, created_at) VALUES (515, 8, 1.32, 103.638, 40, 90, 5, 'Tuas Industrial Estate', 'Moving', '2026-02-15 22:00:00', '2026-02-16 15:52:00');
INSERT INTO gps_tracking (id, vehicle_id, latitude, longitude, speed, heading, altitude, location_name, status, recorded_at, created_at) VALUES (516, 8, 1.305, 103.765, 38, 90, 10, 'Mapletree Business City', 'Moving', '2026-02-15 23:00:00', '2026-02-16 15:52:00');
INSERT INTO gps_tracking (id, vehicle_id, latitude, longitude, speed, heading, altitude, location_name, status, recorded_at, created_at) VALUES (517, 9, 1.437, 103.786, 35, 180, 10, 'Woodlands MRT', 'Moving', '2026-02-15 21:30:00', '2026-02-16 15:52:00');
INSERT INTO gps_tracking (id, vehicle_id, latitude, longitude, speed, heading, altitude, location_name, status, recorded_at, created_at) VALUES (518, 9, 1.284, 103.851, 0, 0, 15, 'Raffles Place, CBD', 'Parked', '2026-02-15 22:50:00', '2026-02-16 15:52:00');
INSERT INTO gps_tracking (id, vehicle_id, latitude, longitude, speed, heading, altitude, location_name, status, recorded_at, created_at) VALUES (519, 10, 1.31, 103.85, 42, 180, 12, 'Toa Payoh', 'Moving', '2026-02-15 21:30:00', '2026-02-16 15:52:00');
INSERT INTO gps_tracking (id, vehicle_id, latitude, longitude, speed, heading, altitude, location_name, status, recorded_at, created_at) VALUES (520, 10, 1.284, 103.851, 0, 0, 15, 'Raffles Place, CBD', 'Parked', '2026-02-15 22:50:00', '2026-02-16 15:52:00');
INSERT INTO gps_tracking (id, vehicle_id, latitude, longitude, speed, heading, altitude, location_name, status, recorded_at, created_at) VALUES (521, 11, 1.284, 103.851, 42, 270, 15, 'Raffles Place, CBD', 'Moving', '2026-02-15 23:50:00', '2026-02-16 15:52:00');
INSERT INTO gps_tracking (id, vehicle_id, latitude, longitude, speed, heading, altitude, location_name, status, recorded_at, created_at) VALUES (522, 11, 1.33, 103.74, 0, 0, 10, 'Jurong East', 'Parked', '2026-02-15 23:00:00', '2026-02-16 15:52:00');
INSERT INTO gps_tracking (id, vehicle_id, latitude, longitude, speed, heading, altitude, location_name, status, recorded_at, created_at) VALUES (523, 12, 1.284, 103.851, 55, 90, 15, 'Raffles Place, CBD', 'Moving', '2026-02-15 23:45:00', '2026-02-16 15:52:00');
INSERT INTO gps_tracking (id, vehicle_id, latitude, longitude, speed, heading, altitude, location_name, status, recorded_at, created_at) VALUES (524, 12, 1.357, 103.989, 0, 0, 5, 'Changi Airport T3', 'Parked', '2026-02-16 00:55:00', '2026-02-16 15:52:00');
INSERT INTO gps_tracking (id, vehicle_id, latitude, longitude, speed, heading, altitude, location_name, status, recorded_at, created_at) VALUES (525, 13, 1.284, 103.851, 0, 0, 15, 'Raffles Place, CBD', 'Offline', '2026-02-14 10:00:00', '2026-02-16 15:52:00');
INSERT INTO gps_tracking (id, vehicle_id, latitude, longitude, speed, heading, altitude, location_name, status, recorded_at, created_at) VALUES (526, 14, 1.32, 103.638, 0, 0, 5, 'Isuzu Service Centre Tuas', 'Parked', '2026-02-15 09:00:00', '2026-02-16 15:52:00');
INSERT INTO gps_tracking (id, vehicle_id, latitude, longitude, speed, heading, altitude, location_name, status, recorded_at, created_at) VALUES (527, 15, 1.284, 103.851, 48, 270, 15, 'Raffles Place, CBD', 'Moving', '2026-02-15 23:30:00', '2026-02-16 15:52:00');
INSERT INTO gps_tracking (id, vehicle_id, latitude, longitude, speed, heading, altitude, location_name, status, recorded_at, created_at) VALUES (528, 15, 1.299, 103.787, 0, 0, 12, 'One North, Fusionopolis', 'Parked', '2026-02-16 00:50:00', '2026-02-16 15:52:00');
INSERT INTO gps_tracking (id, vehicle_id, latitude, longitude, speed, heading, altitude, location_name, status, recorded_at, created_at) VALUES (529, 16, 1.284, 103.851, 60, 270, 15, 'Raffles Place, CBD', 'Moving', '2026-02-15 23:40:00', '2026-02-16 15:52:00');
INSERT INTO gps_tracking (id, vehicle_id, latitude, longitude, speed, heading, altitude, location_name, status, recorded_at, created_at) VALUES (530, 16, 1.33, 103.74, 52, 270, 10, 'Jurong East', 'Moving', '2026-02-16 00:55:00', '2026-02-16 15:52:00');
INSERT INTO gps_tracking (id, vehicle_id, latitude, longitude, speed, heading, altitude, location_name, status, recorded_at, created_at) VALUES (531, 17, 1.284, 103.851, 35, 90, 15, 'Raffles Place, CBD', 'Moving', '2026-02-15 23:20:00', '2026-02-16 15:52:00');
INSERT INTO gps_tracking (id, vehicle_id, latitude, longitude, speed, heading, altitude, location_name, status, recorded_at, created_at) VALUES (532, 17, 1.281, 103.854, 28, 90, 15, 'Marina Bay FC', 'Moving', '2026-02-16 00:45:00', '2026-02-16 15:52:00');
INSERT INTO gps_tracking (id, vehicle_id, latitude, longitude, speed, heading, altitude, location_name, status, recorded_at, created_at) VALUES (533, 18, 1.32, 103.638, 42, 90, 5, 'Tuas Industrial Estate', 'Moving', '2026-02-15 22:00:00', '2026-02-16 15:52:00');
INSERT INTO gps_tracking (id, vehicle_id, latitude, longitude, speed, heading, altitude, location_name, status, recorded_at, created_at) VALUES (534, 18, 1.305, 103.765, 0, 0, 10, 'Mapletree Business City', 'Parked', '2026-02-15 23:00:00', '2026-02-16 15:52:00');
INSERT INTO gps_tracking (id, vehicle_id, latitude, longitude, speed, heading, altitude, location_name, status, recorded_at, created_at) VALUES (535, 19, 1.284, 103.851, 0, 0, 15, 'Raffles Place, CBD', 'Parked', '2026-02-15 20:00:00', '2026-02-16 15:52:00');
INSERT INTO gps_tracking (id, vehicle_id, latitude, longitude, speed, heading, altitude, location_name, status, recorded_at, created_at) VALUES (536, 20, 1.284, 103.851, 52, 90, 15, 'Raffles Place, CBD', 'Moving', '2026-02-15 23:15:00', '2026-02-16 15:52:00');
INSERT INTO gps_tracking (id, vehicle_id, latitude, longitude, speed, heading, altitude, location_name, status, recorded_at, created_at) VALUES (537, 1, 1.34, 103.96, 75, 90, 8, 'ECP towards Changi', 'Moving', '2026-02-16 00:40:00', '2026-02-16 15:52:00');
INSERT INTO gps_tracking (id, vehicle_id, latitude, longitude, speed, heading, altitude, location_name, status, recorded_at, created_at) VALUES (538, 2, 1.32, 103.638, 80, 270, 5, 'AYE towards Tuas', 'Moving', '2026-02-16 00:35:00', '2026-02-16 15:52:00');
INSERT INTO gps_tracking (id, vehicle_id, latitude, longitude, speed, heading, altitude, location_name, status, recorded_at, created_at) VALUES (539, 7, 1.29, 103.82, 22, 90, 12, 'Queenstown, Tanglin', 'Idling', '2026-02-16 00:50:00', '2026-02-16 15:52:00');
INSERT INTO gps_tracking (id, vehicle_id, latitude, longitude, speed, heading, altitude, location_name, status, recorded_at, created_at) VALUES (540, 9, 1.38, 103.81, 45, 180, 10, 'Ang Mo Kio', 'Moving', '2026-02-15 21:10:00', '2026-02-16 15:52:00');
INSERT INTO gps_tracking (id, vehicle_id, latitude, longitude, speed, heading, altitude, location_name, status, recorded_at, created_at) VALUES (541, 3, 1.3, 103.82, 68, 270, 12, 'CTE towards SLE', 'Moving', '2026-02-15 09:30:00', '2026-02-16 15:52:00');
INSERT INTO gps_tracking (id, vehicle_id, latitude, longitude, speed, heading, altitude, location_name, status, recorded_at, created_at) VALUES (542, 5, 1.35, 103.753, 60, 0, 5, 'BKE towards Woodlands', 'Moving', '2026-02-15 10:00:00', '2026-02-16 15:52:00');
INSERT INTO gps_tracking (id, vehicle_id, latitude, longitude, speed, heading, altitude, location_name, status, recorded_at, created_at) VALUES (543, 10, 1.31, 103.85, 35, 180, 12, 'CTE towards CBD', 'Moving', '2026-02-15 21:00:00', '2026-02-16 15:52:00');
INSERT INTO gps_tracking (id, vehicle_id, latitude, longitude, speed, heading, altitude, location_name, status, recorded_at, created_at) VALUES (544, 6, 1.334, 103.963, 70, 90, 8, 'PIE towards Changi', 'Moving', '2026-02-15 09:00:00', '2026-02-16 15:52:00');
INSERT INTO gps_tracking (id, vehicle_id, latitude, longitude, speed, heading, altitude, location_name, status, recorded_at, created_at) VALUES (545, 12, 1.31, 103.88, 48, 90, 10, 'ECP towards Changi', 'Moving', '2026-02-16 00:55:00', '2026-02-16 15:52:00');
INSERT INTO gps_tracking (id, vehicle_id, latitude, longitude, speed, heading, altitude, location_name, status, recorded_at, created_at) VALUES (546, 15, 1.3, 103.8, 55, 270, 12, 'AYE towards Clementi', 'Moving', '2026-02-15 23:20:00', '2026-02-16 15:52:00');
INSERT INTO gps_tracking (id, vehicle_id, latitude, longitude, speed, heading, altitude, location_name, status, recorded_at, created_at) VALUES (547, 16, 1.31, 103.83, 42, 270, 12, 'CTE towards PIE', 'Moving', '2026-02-16 00:45:00', '2026-02-16 15:52:00');
INSERT INTO gps_tracking (id, vehicle_id, latitude, longitude, speed, heading, altitude, location_name, status, recorded_at, created_at) VALUES (548, 11, 1.32, 103.87, 38, 90, 10, 'Bedok', 'Moving', '2026-02-15 23:30:00', '2026-02-16 15:52:00');
INSERT INTO gps_tracking (id, vehicle_id, latitude, longitude, speed, heading, altitude, location_name, status, recorded_at, created_at) VALUES (549, 1, 1.284, 103.851, 0, 0, 15, 'Raffles Place Carpark', 'Parked', '2026-02-15 08:00:00', '2026-02-16 15:52:00');
INSERT INTO gps_tracking (id, vehicle_id, latitude, longitude, speed, heading, altitude, location_name, status, recorded_at, created_at) VALUES (550, 1, 1.29, 103.86, 25, 90, 12, 'Nicoll Highway', 'Moving', '2026-02-15 08:03:00', '2026-02-16 15:52:00');
INSERT INTO gps_tracking (id, vehicle_id, latitude, longitude, speed, heading, altitude, location_name, status, recorded_at, created_at) VALUES (551, 1, 1.305, 103.88, 55, 85, 10, 'Kallang', 'Moving', '2026-02-15 08:08:00', '2026-02-16 15:52:00');
INSERT INTO gps_tracking (id, vehicle_id, latitude, longitude, speed, heading, altitude, location_name, status, recorded_at, created_at) VALUES (552, 1, 1.32, 103.9, 72, 80, 8, 'ECP Tanjong Rhu', 'Moving', '2026-02-15 08:15:00', '2026-02-16 15:52:00');
INSERT INTO gps_tracking (id, vehicle_id, latitude, longitude, speed, heading, altitude, location_name, status, recorded_at, created_at) VALUES (553, 1, 1.33, 103.93, 88, 78, 8, 'ECP Bedok', 'Moving', '2026-02-15 08:22:00', '2026-02-16 15:52:00');
INSERT INTO gps_tracking (id, vehicle_id, latitude, longitude, speed, heading, altitude, location_name, status, recorded_at, created_at) VALUES (554, 1, 1.34, 103.96, 80, 75, 6, 'ECP Tanah Merah', 'Moving', '2026-02-15 08:28:00', '2026-02-16 15:52:00');
INSERT INTO gps_tracking (id, vehicle_id, latitude, longitude, speed, heading, altitude, location_name, status, recorded_at, created_at) VALUES (555, 1, 1.35, 103.975, 65, 70, 5, 'Changi Airport Approach', 'Moving', '2026-02-15 08:35:00', '2026-02-16 15:52:00');
INSERT INTO gps_tracking (id, vehicle_id, latitude, longitude, speed, heading, altitude, location_name, status, recorded_at, created_at) VALUES (556, 1, 1.357, 103.989, 15, 60, 5, 'Changi Airport T3', 'Moving', '2026-02-15 08:42:00', '2026-02-16 15:52:00');
INSERT INTO gps_tracking (id, vehicle_id, latitude, longitude, speed, heading, altitude, location_name, status, recorded_at, created_at) VALUES (557, 7, 1.32, 103.638, 0, 0, 5, 'Tuas Warehouse', 'Parked', '2026-02-15 13:00:00', '2026-02-16 15:52:00');
INSERT INTO gps_tracking (id, vehicle_id, latitude, longitude, speed, heading, altitude, location_name, status, recorded_at, created_at) VALUES (558, 7, 1.315, 103.66, 35, 90, 5, 'Tuas Ave 2', 'Moving', '2026-02-15 13:05:00', '2026-02-16 15:52:00');
INSERT INTO gps_tracking (id, vehicle_id, latitude, longitude, speed, heading, altitude, location_name, status, recorded_at, created_at) VALUES (559, 7, 1.31, 103.69, 48, 90, 8, 'Pioneer Road', 'Moving', '2026-02-15 13:12:00', '2026-02-16 15:52:00');
INSERT INTO gps_tracking (id, vehicle_id, latitude, longitude, speed, heading, altitude, location_name, status, recorded_at, created_at) VALUES (560, 7, 1.305, 103.72, 55, 90, 8, 'AYE Jurong', 'Moving', '2026-02-15 13:18:00', '2026-02-16 15:52:00');
INSERT INTO gps_tracking (id, vehicle_id, latitude, longitude, speed, heading, altitude, location_name, status, recorded_at, created_at) VALUES (561, 7, 1.298, 103.76, 42, 90, 10, 'AYE Queenstown', 'Moving', '2026-02-15 13:25:00', '2026-02-16 15:52:00');
INSERT INTO gps_tracking (id, vehicle_id, latitude, longitude, speed, heading, altitude, location_name, status, recorded_at, created_at) VALUES (562, 7, 1.29, 103.8, 35, 90, 12, 'Tanglin Road', 'Moving', '2026-02-15 13:32:00', '2026-02-16 15:52:00');
INSERT INTO gps_tracking (id, vehicle_id, latitude, longitude, speed, heading, altitude, location_name, status, recorded_at, created_at) VALUES (563, 7, 1.286, 103.83, 28, 90, 14, 'Shenton Way', 'Moving', '2026-02-15 13:40:00', '2026-02-16 15:52:00');
INSERT INTO gps_tracking (id, vehicle_id, latitude, longitude, speed, heading, altitude, location_name, status, recorded_at, created_at) VALUES (564, 7, 1.283, 103.85, 18, 90, 15, 'Bayfront Ave', 'Idling', '2026-02-15 13:50:00', '2026-02-16 15:52:00');
INSERT INTO gps_tracking (id, vehicle_id, latitude, longitude, speed, heading, altitude, location_name, status, recorded_at, created_at) VALUES (565, 7, 1.281, 103.854, 0, 0, 15, 'Marina Bay FC', 'Parked', '2026-02-15 14:00:00', '2026-02-16 15:52:00');
INSERT INTO gps_tracking (id, vehicle_id, latitude, longitude, speed, heading, altitude, location_name, status, recorded_at, created_at) VALUES (566, 9, 1.437, 103.786, 0, 0, 10, 'Woodlands MRT Pickup', 'Parked', '2026-02-16 06:30:00', '2026-02-16 15:52:00');
INSERT INTO gps_tracking (id, vehicle_id, latitude, longitude, speed, heading, altitude, location_name, status, recorded_at, created_at) VALUES (567, 9, 1.42, 103.79, 32, 180, 10, 'SLE Woodlands', 'Moving', '2026-02-16 06:35:00', '2026-02-16 15:52:00');
INSERT INTO gps_tracking (id, vehicle_id, latitude, longitude, speed, heading, altitude, location_name, status, recorded_at, created_at) VALUES (568, 9, 1.39, 103.8, 42, 180, 10, 'SLE Ang Mo Kio', 'Moving', '2026-02-16 06:42:00', '2026-02-16 15:52:00');
INSERT INTO gps_tracking (id, vehicle_id, latitude, longitude, speed, heading, altitude, location_name, status, recorded_at, created_at) VALUES (569, 9, 1.36, 103.81, 38, 180, 12, 'CTE Bishan', 'Moving', '2026-02-16 06:48:00', '2026-02-16 15:52:00');
INSERT INTO gps_tracking (id, vehicle_id, latitude, longitude, speed, heading, altitude, location_name, status, recorded_at, created_at) VALUES (570, 9, 1.33, 103.83, 45, 180, 14, 'CTE Toa Payoh', 'Moving', '2026-02-16 06:55:00', '2026-02-16 15:52:00');
INSERT INTO gps_tracking (id, vehicle_id, latitude, longitude, speed, heading, altitude, location_name, status, recorded_at, created_at) VALUES (571, 9, 1.3, 103.845, 30, 180, 15, 'CTE Novena', 'Moving', '2026-02-16 07:02:00', '2026-02-16 15:52:00');
INSERT INTO gps_tracking (id, vehicle_id, latitude, longitude, speed, heading, altitude, location_name, status, recorded_at, created_at) VALUES (572, 9, 1.284, 103.851, 0, 0, 15, 'Raffles Place', 'Parked', '2026-02-16 07:10:00', '2026-02-16 15:52:00');
INSERT INTO gps_tracking (id, vehicle_id, latitude, longitude, speed, heading, altitude, location_name, status, recorded_at, created_at) VALUES (573, 2, 1.284, 103.851, 0, 0, 15, 'Raffles Place Departure', 'Parked', '2026-02-14 14:00:00', '2026-02-16 15:52:00');
INSERT INTO gps_tracking (id, vehicle_id, latitude, longitude, speed, heading, altitude, location_name, status, recorded_at, created_at) VALUES (574, 2, 1.29, 103.84, 42, 270, 14, 'Outram Road', 'Moving', '2026-02-14 14:05:00', '2026-02-16 15:52:00');
INSERT INTO gps_tracking (id, vehicle_id, latitude, longitude, speed, heading, altitude, location_name, status, recorded_at, created_at) VALUES (575, 2, 1.3, 103.82, 55, 270, 12, 'Tanglin', 'Moving', '2026-02-14 14:12:00', '2026-02-16 15:52:00');
INSERT INTO gps_tracking (id, vehicle_id, latitude, longitude, speed, heading, altitude, location_name, status, recorded_at, created_at) VALUES (576, 2, 1.31, 103.79, 65, 270, 10, 'AYE Dover', 'Moving', '2026-02-14 14:18:00', '2026-02-16 15:52:00');
INSERT INTO gps_tracking (id, vehicle_id, latitude, longitude, speed, heading, altitude, location_name, status, recorded_at, created_at) VALUES (577, 2, 1.32, 103.75, 78, 270, 8, 'AYE Clementi', 'Moving', '2026-02-14 14:25:00', '2026-02-16 15:52:00');
INSERT INTO gps_tracking (id, vehicle_id, latitude, longitude, speed, heading, altitude, location_name, status, recorded_at, created_at) VALUES (578, 2, 1.325, 103.71, 80, 270, 6, 'AYE Jurong East', 'Moving', '2026-02-14 14:35:00', '2026-02-16 15:52:00');
INSERT INTO gps_tracking (id, vehicle_id, latitude, longitude, speed, heading, altitude, location_name, status, recorded_at, created_at) VALUES (579, 2, 1.33, 103.68, 75, 270, 5, 'AYE Jurong West', 'Moving', '2026-02-14 14:48:00', '2026-02-16 15:52:00');
INSERT INTO gps_tracking (id, vehicle_id, latitude, longitude, speed, heading, altitude, location_name, status, recorded_at, created_at) VALUES (580, 2, 1.325, 103.65, 60, 270, 5, 'AYE Pioneer', 'Moving', '2026-02-14 15:05:00', '2026-02-16 15:52:00');
INSERT INTO gps_tracking (id, vehicle_id, latitude, longitude, speed, heading, altitude, location_name, status, recorded_at, created_at) VALUES (581, 2, 1.32, 103.638, 25, 270, 5, 'Tuas Industrial Arrival', 'Moving', '2026-02-14 15:18:00', '2026-02-16 15:52:00');
-- gps_tracking: 83 rows

INSERT INTO insurance_policies (id, vehicle_id, policy_no, insurance_company, insurance_type, premium, coverage_amount, start_date, end_date, status, claim_count, total_claim_amount, agent_name, agent_phone, notes, created_at, updated_at, deleted_at) VALUES (121, 1, 'POL-2024-0001', 'NTUC Income', 'Third Party', 1200, 500000, '2024-03-15', '2025-03-15', 'Expiring', 0, 0, 'James Lim', '96001001', NULL, '2026-02-16 15:52:00', '2026-02-16 15:52:00', NULL);
INSERT INTO insurance_policies (id, vehicle_id, policy_no, insurance_company, insurance_type, premium, coverage_amount, start_date, end_date, status, claim_count, total_claim_amount, agent_name, agent_phone, notes, created_at, updated_at, deleted_at) VALUES (122, 1, 'POL-2024-0002', 'NTUC Income', 'Comprehensive', 4800, 1e+06, '2024-03-15', '2025-03-15', 'Expiring', 0, 0, 'James Lim', '96001001', 'Own damage + TP + NCD protector', '2026-02-16 15:52:00', '2026-02-16 15:52:00', NULL);
INSERT INTO insurance_policies (id, vehicle_id, policy_no, insurance_company, insurance_type, premium, coverage_amount, start_date, end_date, status, claim_count, total_claim_amount, agent_name, agent_phone, notes, created_at, updated_at, deleted_at) VALUES (123, 2, 'POL-2024-0003', 'AXA Insurance', 'Third Party', 1100, 500000, '2024-05-20', '2025-05-20', 'Active', 0, 0, 'Sarah Chen', '96001002', NULL, '2026-02-16 15:52:00', '2026-02-16 15:52:00', NULL);
INSERT INTO insurance_policies (id, vehicle_id, policy_no, insurance_company, insurance_type, premium, coverage_amount, start_date, end_date, status, claim_count, total_claim_amount, agent_name, agent_phone, notes, created_at, updated_at, deleted_at) VALUES (124, 2, 'POL-2024-0004', 'AXA Insurance', 'Comprehensive', 3800, 1e+06, '2024-05-20', '2025-05-20', 'Active', 0, 0, 'Sarah Chen', '96001002', NULL, '2026-02-16 15:52:00', '2026-02-16 15:52:00', NULL);
INSERT INTO insurance_policies (id, vehicle_id, policy_no, insurance_company, insurance_type, premium, coverage_amount, start_date, end_date, status, claim_count, total_claim_amount, agent_name, agent_phone, notes, created_at, updated_at, deleted_at) VALUES (125, 3, 'POL-2024-0005', 'Great Eastern', 'Third Party', 1000, 500000, '2024-08-10', '2025-08-10', 'Active', 0, 0, 'David Ong', '96001003', NULL, '2026-02-16 15:52:00', '2026-02-16 15:52:00', NULL);
INSERT INTO insurance_policies (id, vehicle_id, policy_no, insurance_company, insurance_type, premium, coverage_amount, start_date, end_date, status, claim_count, total_claim_amount, agent_name, agent_phone, notes, created_at, updated_at, deleted_at) VALUES (126, 3, 'POL-2024-0006', 'Great Eastern', 'Comprehensive', 3200, 800000, '2024-08-10', '2025-08-10', 'Active', 1, 1500, 'David Ong', '96001003', 'Minor scratch claim', '2026-02-16 15:52:00', '2026-02-16 15:52:00', NULL);
INSERT INTO insurance_policies (id, vehicle_id, policy_no, insurance_company, insurance_type, premium, coverage_amount, start_date, end_date, status, claim_count, total_claim_amount, agent_name, agent_phone, notes, created_at, updated_at, deleted_at) VALUES (127, 4, 'POL-2024-0007', 'AIG Singapore', 'Third Party', 950, 500000, '2024-06-15', '2025-06-15', 'Active', 0, 0, 'Rachel Ng', '96001004', NULL, '2026-02-16 15:52:00', '2026-02-16 15:52:00', NULL);
INSERT INTO insurance_policies (id, vehicle_id, policy_no, insurance_company, insurance_type, premium, coverage_amount, start_date, end_date, status, claim_count, total_claim_amount, agent_name, agent_phone, notes, created_at, updated_at, deleted_at) VALUES (128, 4, 'POL-2024-0008', 'AIG Singapore', 'Own Damage', 2500, 135000, '2024-06-15', '2025-06-15', 'Active', 0, 0, 'Rachel Ng', '96001004', NULL, '2026-02-16 15:52:00', '2026-02-16 15:52:00', NULL);
INSERT INTO insurance_policies (id, vehicle_id, policy_no, insurance_company, insurance_type, premium, coverage_amount, start_date, end_date, status, claim_count, total_claim_amount, agent_name, agent_phone, notes, created_at, updated_at, deleted_at) VALUES (129, 5, 'POL-2024-0009', 'AXA Insurance', 'Third Party', 1300, 500000, '2024-11-01', '2025-11-01', 'Active', 0, 0, 'Sarah Chen', '96001002', NULL, '2026-02-16 15:52:00', '2026-02-16 15:52:00', NULL);
INSERT INTO insurance_policies (id, vehicle_id, policy_no, insurance_company, insurance_type, premium, coverage_amount, start_date, end_date, status, claim_count, total_claim_amount, agent_name, agent_phone, notes, created_at, updated_at, deleted_at) VALUES (130, 5, 'POL-2024-0010', 'AXA Insurance', 'Comprehensive', 3800, 1e+06, '2024-11-01', '2025-11-01', 'Active', 0, 0, 'Sarah Chen', '96001002', NULL, '2026-02-16 15:52:00', '2026-02-16 15:52:00', NULL);
INSERT INTO insurance_policies (id, vehicle_id, policy_no, insurance_company, insurance_type, premium, coverage_amount, start_date, end_date, status, claim_count, total_claim_amount, agent_name, agent_phone, notes, created_at, updated_at, deleted_at) VALUES (131, 7, 'POL-2024-0011', 'NTUC Income', 'Third Party', 1800, 500000, '2024-09-20', '2025-09-20', 'Active', 0, 0, 'James Lim', '96001001', 'Heavy vehicle TP', '2026-02-16 15:52:00', '2026-02-16 15:52:00', NULL);
INSERT INTO insurance_policies (id, vehicle_id, policy_no, insurance_company, insurance_type, premium, coverage_amount, start_date, end_date, status, claim_count, total_claim_amount, agent_name, agent_phone, notes, created_at, updated_at, deleted_at) VALUES (132, 7, 'POL-2024-0012', 'NTUC Income', 'Comprehensive', 5500, 1e+06, '2024-09-20', '2025-09-20', 'Active', 0, 0, 'James Lim', '96001001', NULL, '2026-02-16 15:52:00', '2026-02-16 15:52:00', NULL);
INSERT INTO insurance_policies (id, vehicle_id, policy_no, insurance_company, insurance_type, premium, coverage_amount, start_date, end_date, status, claim_count, total_claim_amount, agent_name, agent_phone, notes, created_at, updated_at, deleted_at) VALUES (133, 9, 'POL-2024-0013', 'Great Eastern', 'Third Party', 2200, 500000, '2024-05-10', '2025-05-10', 'Active', 0, 0, 'Alex Tan', '96001005', 'Bus TP insurance', '2026-02-16 15:52:00', '2026-02-16 15:52:00', NULL);
INSERT INTO insurance_policies (id, vehicle_id, policy_no, insurance_company, insurance_type, premium, coverage_amount, start_date, end_date, status, claim_count, total_claim_amount, agent_name, agent_phone, notes, created_at, updated_at, deleted_at) VALUES (134, 9, 'POL-2024-0014', 'Great Eastern', 'Comprehensive', 8000, 2e+06, '2024-05-10', '2025-05-10', 'Active', 0, 0, 'Alex Tan', '96001005', 'Bus comprehensive', '2026-02-16 15:52:00', '2026-02-16 15:52:00', NULL);
INSERT INTO insurance_policies (id, vehicle_id, policy_no, insurance_company, insurance_type, premium, coverage_amount, start_date, end_date, status, claim_count, total_claim_amount, agent_name, agent_phone, notes, created_at, updated_at, deleted_at) VALUES (135, 12, 'POL-2024-0015', 'NTUC Income', 'Third Party', 1200, 500000, '2024-04-20', '2025-04-20', 'Active', 0, 0, 'James Lim', '96001001', NULL, '2026-02-16 15:52:00', '2026-02-16 15:52:00', NULL);
INSERT INTO insurance_policies (id, vehicle_id, policy_no, insurance_company, insurance_type, premium, coverage_amount, start_date, end_date, status, claim_count, total_claim_amount, agent_name, agent_phone, notes, created_at, updated_at, deleted_at) VALUES (136, 12, 'POL-2024-0016', 'NTUC Income', 'Comprehensive', 6500, 2e+06, '2024-04-20', '2025-04-20', 'Active', 0, 0, 'James Lim', '96001001', 'Mercedes comprehensive', '2026-02-16 15:52:00', '2026-02-16 15:52:00', NULL);
INSERT INTO insurance_policies (id, vehicle_id, policy_no, insurance_company, insurance_type, premium, coverage_amount, start_date, end_date, status, claim_count, total_claim_amount, agent_name, agent_phone, notes, created_at, updated_at, deleted_at) VALUES (137, 15, 'POL-2024-0017', 'AXA Insurance', 'Third Party', 1100, 500000, '2024-11-15', '2025-11-15', 'Active', 0, 0, 'Sarah Chen', '96001002', NULL, '2026-02-16 15:52:00', '2026-02-16 15:52:00', NULL);
INSERT INTO insurance_policies (id, vehicle_id, policy_no, insurance_company, insurance_type, premium, coverage_amount, start_date, end_date, status, claim_count, total_claim_amount, agent_name, agent_phone, notes, created_at, updated_at, deleted_at) VALUES (138, 15, 'POL-2024-0018', 'AXA Insurance', 'Comprehensive', 5200, 1.5e+06, '2024-11-15', '2025-11-15', 'Active', 0, 0, 'Sarah Chen', '96001002', NULL, '2026-02-16 15:52:00', '2026-02-16 15:52:00', NULL);
INSERT INTO insurance_policies (id, vehicle_id, policy_no, insurance_company, insurance_type, premium, coverage_amount, start_date, end_date, status, claim_count, total_claim_amount, agent_name, agent_phone, notes, created_at, updated_at, deleted_at) VALUES (139, 20, 'POL-2025-0019', 'Great Eastern', 'Third Party', 1100, 500000, '2025-01-05', '2026-01-05', 'Active', 0, 0, 'David Ong', '96001003', NULL, '2026-02-16 15:52:00', '2026-02-16 15:52:00', NULL);
INSERT INTO insurance_policies (id, vehicle_id, policy_no, insurance_company, insurance_type, premium, coverage_amount, start_date, end_date, status, claim_count, total_claim_amount, agent_name, agent_phone, notes, created_at, updated_at, deleted_at) VALUES (140, 20, 'POL-2025-0020', 'Great Eastern', 'Comprehensive', 4200, 1e+06, '2025-01-05', '2026-01-05', 'Active', 0, 0, 'David Ong', '96001003', 'New car comprehensive', '2026-02-16 15:52:00', '2026-02-16 15:52:00', NULL);
-- insurance_policies: 20 rows

INSERT INTO maintenance_records (id, record_no, vehicle_id, maintenance_type, description, service_provider, mileage_at_service, cost, parts_cost, labor_cost, start_date, end_date, next_maintenance_date, next_maintenance_mileage, status, quality_rating, notes, created_at, updated_at, deleted_at) VALUES (1, 'MR20250101001', 3, 'Service', 'Regular service: oil, oil filter, air filter change', 'Borneo Motors (Toyota)', 65000, 580, 380, 200, '2025-01-10', '2025-01-10', '2025-07-10', 75000, 'Completed', 5, NULL, '2026-02-16 15:52:00', '2026-02-16 15:52:00', NULL);
INSERT INTO maintenance_records (id, record_no, vehicle_id, maintenance_type, description, service_provider, mileage_at_service, cost, parts_cost, labor_cost, start_date, end_date, next_maintenance_date, next_maintenance_mileage, status, quality_rating, notes, created_at, updated_at, deleted_at) VALUES (2, 'MR20250101002', 4, 'Service', '2nd service: oil, filter, brake check', 'Kah Motor (Honda)', 50000, 480, 300, 180, '2025-01-15', '2025-01-15', '2025-07-15', 60000, 'Completed', 4, NULL, '2026-02-16 15:52:00', '2026-02-16 15:52:00', NULL);
INSERT INTO maintenance_records (id, record_no, vehicle_id, maintenance_type, description, service_provider, mileage_at_service, cost, parts_cost, labor_cost, start_date, end_date, next_maintenance_date, next_maintenance_mileage, status, quality_rating, notes, created_at, updated_at, deleted_at) VALUES (3, 'MR20250102001', 7, 'Repair', 'Replace front brake pads and discs', 'Cycle & Carriage Heavy Vehicles', 120000, 1500, 1000, 500, '2025-01-20', '2025-01-21', NULL, NULL, 'Completed', 4, NULL, '2026-02-16 15:52:00', '2026-02-16 15:52:00', NULL);
INSERT INTO maintenance_records (id, record_no, vehicle_id, maintenance_type, description, service_provider, mileage_at_service, cost, parts_cost, labor_cost, start_date, end_date, next_maintenance_date, next_maintenance_mileage, status, quality_rating, notes, created_at, updated_at, deleted_at) VALUES (4, 'MR20250102002', 12, 'Service', 'Regular service: oil and filter change', 'Cycle & Carriage (Mercedes)', 58000, 1200, 900, 300, '2025-01-25', '2025-01-25', '2025-07-25', 68000, 'Completed', 5, 'OEM parts', '2026-02-16 15:52:00', '2026-02-16 15:52:00', NULL);
INSERT INTO maintenance_records (id, record_no, vehicle_id, maintenance_type, description, service_provider, mileage_at_service, cost, parts_cost, labor_cost, start_date, end_date, next_maintenance_date, next_maintenance_mileage, status, quality_rating, notes, created_at, updated_at, deleted_at) VALUES (5, 'MR20250103001', 9, 'Service', 'Major service: oil, 3 filters, brake fluid, ATF', 'Yutong SG Service Centre', 175000, 2800, 2000, 800, '2025-01-28', '2025-01-29', '2025-04-28', 185000, 'Completed', 4, 'Shuttle bus service', '2026-02-16 15:52:00', '2026-02-16 15:52:00', NULL);
INSERT INTO maintenance_records (id, record_no, vehicle_id, maintenance_type, description, service_provider, mileage_at_service, cost, parts_cost, labor_cost, start_date, end_date, next_maintenance_date, next_maintenance_mileage, status, quality_rating, notes, created_at, updated_at, deleted_at) VALUES (6, 'MR20250103002', 5, 'Tyre Change', 'Replace 4 tyres (Michelin Primacy 4)', 'Stamford Tyres Jurong', 45000, 1600, 1400, 200, '2025-02-01', '2025-02-01', NULL, NULL, 'Completed', 5, NULL, '2026-02-16 15:52:00', '2026-02-16 15:52:00', NULL);
INSERT INTO maintenance_records (id, record_no, vehicle_id, maintenance_type, description, service_provider, mileage_at_service, cost, parts_cost, labor_cost, start_date, end_date, next_maintenance_date, next_maintenance_mileage, status, quality_rating, notes, created_at, updated_at, deleted_at) VALUES (7, 'MR20250104001', 14, 'Repair', 'Engine warning light, replace injector assembly', 'Isuzu Service Centre Tuas', 85000, 5000, 4000, 1000, '2025-02-05', NULL, NULL, NULL, 'In Progress', NULL, 'Awaiting parts delivery', '2026-02-16 15:52:00', '2026-02-16 15:52:00', NULL);
INSERT INTO maintenance_records (id, record_no, vehicle_id, maintenance_type, description, service_provider, mileage_at_service, cost, parts_cost, labor_cost, start_date, end_date, next_maintenance_date, next_maintenance_mileage, status, quality_rating, notes, created_at, updated_at, deleted_at) VALUES (8, 'MR20250104002', 1, 'Service', 'EV routine check: battery health, braking system', 'C&C Star (Mercedes)', 40000, 350, 100, 250, '2025-02-08', '2025-02-08', '2025-08-08', 50000, 'Completed', 5, NULL, '2026-02-16 15:52:00', '2026-02-16 15:52:00', NULL);
INSERT INTO maintenance_records (id, record_no, vehicle_id, maintenance_type, description, service_provider, mileage_at_service, cost, parts_cost, labor_cost, start_date, end_date, next_maintenance_date, next_maintenance_mileage, status, quality_rating, notes, created_at, updated_at, deleted_at) VALUES (9, 'MR20250105001', 8, 'Repair', 'Replace clutch plate', 'Isuzu Service Centre Tuas', 95000, 2200, 1500, 700, '2025-02-10', '2025-02-11', NULL, NULL, 'Completed', 4, NULL, '2026-02-16 15:52:00', '2026-02-16 15:52:00', NULL);
INSERT INTO maintenance_records (id, record_no, vehicle_id, maintenance_type, description, service_provider, mileage_at_service, cost, parts_cost, labor_cost, start_date, end_date, next_maintenance_date, next_maintenance_mileage, status, quality_rating, notes, created_at, updated_at, deleted_at) VALUES (10, 'MR20250105002', 2, 'Service', 'EV service: battery check, cabin filter replacement', 'Tesla Service Centre SG', 36000, 480, 150, 330, '2025-02-12', '2025-02-12', '2025-08-12', 46000, 'Completed', 5, NULL, '2026-02-16 15:52:00', '2026-02-16 15:52:00', NULL);
INSERT INTO maintenance_records (id, record_no, vehicle_id, maintenance_type, description, service_provider, mileage_at_service, cost, parts_cost, labor_cost, start_date, end_date, next_maintenance_date, next_maintenance_mileage, status, quality_rating, notes, created_at, updated_at, deleted_at) VALUES (11, 'MR20250106001', 10, 'Service', 'Chassis inspection, replace air suspension components', 'Zhongtong SG Service', 142000, 3500, 2500, 1000, '2025-02-15', '2025-02-16', '2025-05-15', 152000, 'Completed', 3, 'Suspension ageing', '2026-02-16 15:52:00', '2026-02-16 15:52:00', NULL);
INSERT INTO maintenance_records (id, record_no, vehicle_id, maintenance_type, description, service_provider, mileage_at_service, cost, parts_cost, labor_cost, start_date, end_date, next_maintenance_date, next_maintenance_mileage, status, quality_rating, notes, created_at, updated_at, deleted_at) VALUES (12, 'MR20250106002', 6, 'Service', 'Engine service: spark plugs, oil change', 'Performance Motors (BMW)', 26000, 750, 450, 300, '2025-02-18', '2025-02-18', '2025-08-18', 36000, 'Completed', 5, NULL, '2026-02-16 15:52:00', '2026-02-16 15:52:00', NULL);
INSERT INTO maintenance_records (id, record_no, vehicle_id, maintenance_type, description, service_provider, mileage_at_service, cost, parts_cost, labor_cost, start_date, end_date, next_maintenance_date, next_maintenance_mileage, status, quality_rating, notes, created_at, updated_at, deleted_at) VALUES (13, 'MR20250107001', 19, 'Service', 'Regular service: oil and filter change', 'Tan Chong Motor (Nissan)', 48000, 380, 250, 130, '2025-02-20', '2025-02-20', '2025-08-20', 58000, 'Completed', 4, NULL, '2026-02-16 15:52:00', '2026-02-16 15:52:00', NULL);
INSERT INTO maintenance_records (id, record_no, vehicle_id, maintenance_type, description, service_provider, mileage_at_service, cost, parts_cost, labor_cost, start_date, end_date, next_maintenance_date, next_maintenance_mileage, status, quality_rating, notes, created_at, updated_at, deleted_at) VALUES (14, 'MR20250107002', 15, 'Service', 'EV annual check: battery diagnostics, software update', 'Performance Motors (BMW)', 13000, 250, 0, 250, '2025-02-22', '2025-02-22', '2026-02-22', 23000, 'Completed', 5, 'Free 1st service', '2026-02-16 15:52:00', '2026-02-16 15:52:00', NULL);
INSERT INTO maintenance_records (id, record_no, vehicle_id, maintenance_type, description, service_provider, mileage_at_service, cost, parts_cost, labor_cost, start_date, end_date, next_maintenance_date, next_maintenance_mileage, status, quality_rating, notes, created_at, updated_at, deleted_at) VALUES (15, 'MR20250108001', 17, 'Accident Repair', 'Right front fender scratch repair and repaint', 'Borneo Motors Body Shop', 26500, 1200, 500, 700, '2025-02-25', '2025-02-27', NULL, NULL, 'Completed', 4, 'Minor scratch', '2026-02-16 15:52:00', '2026-02-16 15:52:00', NULL);
-- maintenance_records: 15 rows

INSERT INTO reservations (id, reservation_no, applicant_name, applicant_department, applicant_phone, vehicle_id, driver_id, purpose, passengers, start_time, end_time, start_location, end_location, route_id, status, priority, approver, approved_at, reject_reason, actual_start_time, actual_end_time, actual_mileage, notes, created_at, updated_at, deleted_at) VALUES (1, 'RES20250201001', 'Mr Tan', 'CEO Office', '91000001', 1, 1, 'Client pickup', 2, '2026-02-02 08:00:00', '2026-02-02 10:00:00', 'Raffles Place', 'Changi Airport T3', 1, 'Completed', 'Normal', 'PA Lee', '2026-02-01', NULL, '2026-02-02 08:05:00', '2026-02-02 09:00:00', 22, NULL, '2026-02-16 15:52:00', '2026-02-16 15:52:00', NULL);
INSERT INTO reservations (id, reservation_no, applicant_name, applicant_department, applicant_phone, vehicle_id, driver_id, purpose, passengers, start_time, end_time, start_location, end_location, route_id, status, priority, approver, approved_at, reject_reason, actual_start_time, actual_end_time, actual_mileage, notes, created_at, updated_at, deleted_at) VALUES (2, 'RES20250201002', 'Ahmad Mgr', 'Sales', '91000002', 2, 2, 'Client visit', 3, '2026-02-02 14:00:00', '2026-02-02 16:00:00', 'Raffles Place', 'One North', 4, 'Completed', 'Normal', 'Sales Dir', '2026-02-01', NULL, '2026-02-02 14:10:00', '2026-02-02 15:30:00', 12, NULL, '2026-02-16 15:52:00', '2026-02-16 15:52:00', NULL);
INSERT INTO reservations (id, reservation_no, applicant_name, applicant_department, applicant_phone, vehicle_id, driver_id, purpose, passengers, start_time, end_time, start_location, end_location, route_id, status, priority, approver, approved_at, reject_reason, actual_start_time, actual_end_time, actual_mileage, notes, created_at, updated_at, deleted_at) VALUES (3, 'RES20250202001', 'Raj Eng', 'Engineering', '91000003', 5, 5, 'Tech exchange', 2, '2026-02-03 09:00:00', '2026-02-03 12:00:00', 'Raffles Place', 'Jurong East', 3, 'Completed', 'Normal', 'CTO', '2026-02-02', NULL, '2026-02-03 09:05:00', '2026-02-03 11:30:00', 20, 'Carrying equipment', '2026-02-16 15:52:00', '2026-02-16 15:52:00', NULL);
INSERT INTO reservations (id, reservation_no, applicant_name, applicant_department, applicant_phone, vehicle_id, driver_id, purpose, passengers, start_time, end_time, start_location, end_location, route_id, status, priority, approver, approved_at, reject_reason, actual_start_time, actual_end_time, actual_mileage, notes, created_at, updated_at, deleted_at) VALUES (4, 'RES20250203001', 'Lim Dir', 'Product', '91000004', 6, 6, 'Site inspection', 4, '2026-02-04 07:00:00', '2026-02-04 18:00:00', 'Raffles Place', 'Changi Biz Park', 6, 'Completed', 'Urgent', 'VP Ops', '2026-02-03', NULL, '2026-02-04 07:10:00', '2026-02-04 17:30:00', 18, 'New project site visit', '2026-02-16 15:52:00', '2026-02-16 15:52:00', NULL);
INSERT INTO reservations (id, reservation_no, applicant_name, applicant_department, applicant_phone, vehicle_id, driver_id, purpose, passengers, start_time, end_time, start_location, end_location, route_id, status, priority, approver, approved_at, reject_reason, actual_start_time, actual_end_time, actual_mileage, notes, created_at, updated_at, deleted_at) VALUES (5, 'RES20250204001', 'Priya Asst', 'Admin', '91000005', 3, 3, 'Meeting reception', 5, '2026-02-05 09:00:00', '2026-02-05 10:30:00', 'Changi Airport T3', 'Raffles Place', 1, 'Completed', 'Normal', 'Admin Mgr', '2026-02-04', NULL, '2026-02-05 09:15:00', '2026-02-05 10:15:00', 22, 'Picking up overseas guests', '2026-02-16 15:52:00', '2026-02-16 15:52:00', NULL);
INSERT INTO reservations (id, reservation_no, applicant_name, applicant_department, applicant_phone, vehicle_id, driver_id, purpose, passengers, start_time, end_time, start_location, end_location, route_id, status, priority, approver, approved_at, reject_reason, actual_start_time, actual_end_time, actual_mileage, notes, created_at, updated_at, deleted_at) VALUES (6, 'RES20250205001', 'Siva Lead', 'Logistics', '91000006', 7, 7, 'Cargo delivery', 1, '2026-02-06 08:00:00', '2026-02-06 12:00:00', 'Tuas Warehouse', 'Marina Bay FC', 7, 'Completed', 'Normal', 'Logistics Mgr', '2026-02-05', NULL, '2026-02-06 08:10:00', '2026-02-06 11:30:00', 38, 'Bulky cargo', '2026-02-16 15:52:00', '2026-02-16 15:52:00', NULL);
INSERT INTO reservations (id, reservation_no, applicant_name, applicant_department, applicant_phone, vehicle_id, driver_id, purpose, passengers, start_time, end_time, start_location, end_location, route_id, status, priority, approver, approved_at, reject_reason, actual_start_time, actual_end_time, actual_mileage, notes, created_at, updated_at, deleted_at) VALUES (7, 'RES20250206001', 'Nurul Mgr', 'HR', '91000007', 11, 11, 'Training outing', 3, '2026-02-07 09:00:00', '2026-02-07 17:00:00', 'Raffles Place', 'Jurong East', 3, 'Completed', 'Normal', 'Admin Mgr', '2026-02-06', NULL, '2026-02-07 09:10:00', '2026-02-07 16:30:00', 20, 'New hire orientation', '2026-02-16 15:52:00', '2026-02-16 15:52:00', NULL);
INSERT INTO reservations (id, reservation_no, applicant_name, applicant_department, applicant_phone, vehicle_id, driver_id, purpose, passengers, start_time, end_time, start_location, end_location, route_id, status, priority, approver, approved_at, reject_reason, actual_start_time, actual_end_time, actual_mileage, notes, created_at, updated_at, deleted_at) VALUES (8, 'RES20250207001', 'Jason Eng', 'R&D', '91000008', 15, 15, 'Vendor visit', 2, '2026-02-08 10:00:00', '2026-02-08 12:00:00', 'Raffles Place', 'One North', 4, 'Completed', 'Normal', 'CTO', '2026-02-07', NULL, '2026-02-08 10:05:00', '2026-02-08 11:40:00', 12, NULL, '2026-02-16 15:52:00', '2026-02-16 15:52:00', NULL);
INSERT INTO reservations (id, reservation_no, applicant_name, applicant_department, applicant_phone, vehicle_id, driver_id, purpose, passengers, start_time, end_time, start_location, end_location, route_id, status, priority, approver, approved_at, reject_reason, actual_start_time, actual_end_time, actual_mileage, notes, created_at, updated_at, deleted_at) VALUES (9, 'RES20250208001', 'Priscilla Mgr', 'Operations', '91000009', 16, 16, 'Market research', 2, '2026-02-09 13:00:00', '2026-02-09 17:00:00', 'Raffles Place', 'Jurong East', 3, 'Completed', 'Normal', 'Sales Dir', '2026-02-08', NULL, '2026-02-09 13:10:00', '2026-02-09 16:40:00', 20, NULL, '2026-02-16 15:52:00', '2026-02-16 15:52:00', NULL);
INSERT INTO reservations (id, reservation_no, applicant_name, applicant_department, applicant_phone, vehicle_id, driver_id, purpose, passengers, start_time, end_time, start_location, end_location, route_id, status, priority, approver, approved_at, reject_reason, actual_start_time, actual_end_time, actual_mileage, notes, created_at, updated_at, deleted_at) VALUES (10, 'RES20250209001', 'David Mgr', 'Finance', '91000010', 12, 12, 'Bank errand', 1, '2026-02-10 09:00:00', '2026-02-10 11:00:00', 'Raffles Place', 'Shenton Way', NULL, 'Completed', 'Normal', 'Admin Mgr', '2026-02-09', NULL, '2026-02-10 09:10:00', '2026-02-10 10:45:00', 5, 'Annual audit submission', '2026-02-16 15:52:00', '2026-02-16 15:52:00', NULL);
INSERT INTO reservations (id, reservation_no, applicant_name, applicant_department, applicant_phone, vehicle_id, driver_id, purpose, passengers, start_time, end_time, start_location, end_location, route_id, status, priority, approver, approved_at, reject_reason, actual_start_time, actual_end_time, actual_mileage, notes, created_at, updated_at, deleted_at) VALUES (11, 'RES20250210001', 'Mr Tan', 'CEO Office', '91000001', 1, 1, 'Business dinner', 3, '2026-02-11 18:00:00', '2026-02-11 22:00:00', 'Raffles Place', 'Marina Bay Sands', NULL, 'Approved', 'Urgent', 'PA Lee', '2026-02-10', NULL, NULL, NULL, NULL, 'Important client dinner', '2026-02-16 15:52:00', '2026-02-16 15:52:00', NULL);
INSERT INTO reservations (id, reservation_no, applicant_name, applicant_department, applicant_phone, vehicle_id, driver_id, purpose, passengers, start_time, end_time, start_location, end_location, route_id, status, priority, approver, approved_at, reject_reason, actual_start_time, actual_end_time, actual_mileage, notes, created_at, updated_at, deleted_at) VALUES (12, 'RES20250210002', 'Ahmad Mgr', 'Sales', '91000002', 2, 2, 'Trade show', 4, '2026-02-11 09:00:00', '2026-02-11 17:00:00', 'Raffles Place', 'Suntec Convention', NULL, 'Approved', 'Normal', 'Sales Dir', '2026-02-10', NULL, NULL, NULL, NULL, 'Industry exhibition', '2026-02-16 15:52:00', '2026-02-16 15:52:00', NULL);
INSERT INTO reservations (id, reservation_no, applicant_name, applicant_department, applicant_phone, vehicle_id, driver_id, purpose, passengers, start_time, end_time, start_location, end_location, route_id, status, priority, approver, approved_at, reject_reason, actual_start_time, actual_end_time, actual_mileage, notes, created_at, updated_at, deleted_at) VALUES (13, 'RES20250211001', 'Raj Eng', 'Engineering', '91000003', 5, 5, 'Equipment purchase', 2, '2026-02-12 10:00:00', '2026-02-12 15:00:00', 'Raffles Place', 'Sim Lim Square', NULL, 'Approved', 'Normal', 'CTO', '2026-02-11', NULL, NULL, NULL, NULL, 'Server equipment procurement', '2026-02-16 15:52:00', '2026-02-16 15:52:00', NULL);
INSERT INTO reservations (id, reservation_no, applicant_name, applicant_department, applicant_phone, vehicle_id, driver_id, purpose, passengers, start_time, end_time, start_location, end_location, route_id, status, priority, approver, approved_at, reject_reason, actual_start_time, actual_end_time, actual_mileage, notes, created_at, updated_at, deleted_at) VALUES (14, 'RES20250211002', 'Priya Asst', 'Admin', '91000005', 3, 3, 'Govt errand', 1, '2026-02-13 09:00:00', '2026-02-13 12:00:00', 'Raffles Place', 'ACRA @ Revenue House', NULL, 'Pending', 'Normal', NULL, NULL, NULL, NULL, NULL, NULL, 'Company registration update', '2026-02-16 15:52:00', '2026-02-16 15:52:00', NULL);
INSERT INTO reservations (id, reservation_no, applicant_name, applicant_department, applicant_phone, vehicle_id, driver_id, purpose, passengers, start_time, end_time, start_location, end_location, route_id, status, priority, approver, approved_at, reject_reason, actual_start_time, actual_end_time, actual_mileage, notes, created_at, updated_at, deleted_at) VALUES (15, 'RES20250212001', 'Siva Lead', 'Logistics', '91000006', 7, 7, 'Urgent delivery', 1, '2026-02-13 14:00:00', '2026-02-13 18:00:00', 'Tuas Warehouse', 'Mapletree Biz City', 8, 'Pending', 'Critical', NULL, NULL, NULL, NULL, NULL, NULL, 'Urgent client order', '2026-02-16 15:52:00', '2026-02-16 15:52:00', NULL);
INSERT INTO reservations (id, reservation_no, applicant_name, applicant_department, applicant_phone, vehicle_id, driver_id, purpose, passengers, start_time, end_time, start_location, end_location, route_id, status, priority, approver, approved_at, reject_reason, actual_start_time, actual_end_time, actual_mileage, notes, created_at, updated_at, deleted_at) VALUES (16, 'RES20250212002', 'Hafiz', 'Logistics', '91000018', 18, 18, 'Stock transfer', 1, '2026-02-14 08:00:00', '2026-02-14 16:00:00', 'Tuas Warehouse', 'Jurong Warehouse', NULL, 'Pending', 'Normal', NULL, NULL, NULL, NULL, NULL, NULL, 'Inventory transfer', '2026-02-16 15:52:00', '2026-02-16 15:52:00', NULL);
INSERT INTO reservations (id, reservation_no, applicant_name, applicant_department, applicant_phone, vehicle_id, driver_id, purpose, passengers, start_time, end_time, start_location, end_location, route_id, status, priority, approver, approved_at, reject_reason, actual_start_time, actual_end_time, actual_mileage, notes, created_at, updated_at, deleted_at) VALUES (17, 'RES20250213001', 'Kevin Mgr', 'Admin', '91000013', 9, 9, 'Team building', 30, '2026-02-15 08:00:00', '2026-02-15 18:00:00', 'Raffles Place', 'Sentosa', 9, 'Pending', 'Normal', NULL, NULL, NULL, NULL, NULL, NULL, 'Quarterly team building, need coach', '2026-02-16 15:52:00', '2026-02-16 15:52:00', NULL);
INSERT INTO reservations (id, reservation_no, applicant_name, applicant_department, applicant_phone, vehicle_id, driver_id, purpose, passengers, start_time, end_time, start_location, end_location, route_id, status, priority, approver, approved_at, reject_reason, actual_start_time, actual_end_time, actual_mileage, notes, created_at, updated_at, deleted_at) VALUES (18, 'RES20250213002', 'Lim Dir', 'Product', '91000004', NULL, NULL, 'JB trip', 3, '2026-02-14 07:00:00', '2026-02-14 20:00:00', 'Raffles Place', 'Johor Bahru CIQ', 5, 'Rejected', 'Normal', 'VP Ops', '2026-02-13', 'No vehicle available, suggest train', NULL, NULL, NULL, NULL, '2026-02-16 15:52:00', '2026-02-16 15:52:00', NULL);
INSERT INTO reservations (id, reservation_no, applicant_name, applicant_department, applicant_phone, vehicle_id, driver_id, purpose, passengers, start_time, end_time, start_location, end_location, route_id, status, priority, approver, approved_at, reject_reason, actual_start_time, actual_end_time, actual_mileage, notes, created_at, updated_at, deleted_at) VALUES (19, 'RES20250214001', 'Alvin Lead', 'Customer Svc', '91000017', NULL, NULL, 'Client visit', 2, '2026-02-15 14:00:00', '2026-02-15 16:00:00', 'Raffles Place', 'Marina Bay FC', NULL, 'Cancelled', 'Normal', NULL, NULL, NULL, NULL, NULL, NULL, 'Client cancelled meeting', '2026-02-16 15:52:00', '2026-02-16 15:52:00', NULL);
INSERT INTO reservations (id, reservation_no, applicant_name, applicant_department, applicant_phone, vehicle_id, driver_id, purpose, passengers, start_time, end_time, start_location, end_location, route_id, status, priority, approver, approved_at, reject_reason, actual_start_time, actual_end_time, actual_mileage, notes, created_at, updated_at, deleted_at) VALUES (20, 'RES20250215001', 'Jason Eng', 'R&D', '91000008', 15, 15, 'DC inspection', 2, '2026-02-16 08:00:00', '2026-02-16 18:00:00', 'Raffles Place', 'Changi Biz Park DC', 6, 'In Progress', 'Urgent', 'CTO', '2026-02-15', NULL, '2026-02-16 08:10:00', NULL, NULL, 'Server fault urgent check', '2026-02-16 15:52:00', '2026-02-16 15:52:00', NULL);
-- reservations: 20 rows

INSERT INTO routes (id, name, route_code, start_point, end_point, waypoints, distance_km, estimated_duration_min, route_type, status, notes, created_at, updated_at, deleted_at) VALUES (1, 'HQ-Changi Airport', 'R001', 'Raffles Place, CBD', 'Changi Airport T3', NULL, 22, 30, 'City', 'Active', 'Airport transfer route', '2026-02-16 15:52:00', '2026-02-16 15:52:00', NULL);
INSERT INTO routes (id, name, route_code, start_point, end_point, waypoints, distance_km, estimated_duration_min, route_type, status, notes, created_at, updated_at, deleted_at) VALUES (2, 'HQ-Tuas Industrial', 'R002', 'Raffles Place, CBD', 'Tuas Industrial Estate', NULL, 35, 45, 'City', 'Active', 'Logistics hub route', '2026-02-16 15:52:00', '2026-02-16 15:52:00', NULL);
INSERT INTO routes (id, name, route_code, start_point, end_point, waypoints, distance_km, estimated_duration_min, route_type, status, notes, created_at, updated_at, deleted_at) VALUES (3, 'HQ-Jurong Office', 'R003', 'Raffles Place, CBD', 'Jurong East, Westgate Tower', NULL, 20, 35, 'City', 'Active', 'Branch office commute', '2026-02-16 15:52:00', '2026-02-16 15:52:00', NULL);
INSERT INTO routes (id, name, route_code, start_point, end_point, waypoints, distance_km, estimated_duration_min, route_type, status, notes, created_at, updated_at, deleted_at) VALUES (4, 'HQ-One North Tech Park', 'R004', 'Raffles Place, CBD', 'One North, Fusionopolis', NULL, 12, 25, 'City', 'Active', 'Engineering commute', '2026-02-16 15:52:00', '2026-02-16 15:52:00', NULL);
INSERT INTO routes (id, name, route_code, start_point, end_point, waypoints, distance_km, estimated_duration_min, route_type, status, notes, created_at, updated_at, deleted_at) VALUES (5, 'SG-JB (Malaysia)', 'R005', 'Raffles Place, CBD', 'Johor Bahru, CIQ', NULL, 30, 90, 'Cross-Border', 'Active', 'JB branch office', '2026-02-16 15:52:00', '2026-02-16 15:52:00', NULL);
INSERT INTO routes (id, name, route_code, start_point, end_point, waypoints, distance_km, estimated_duration_min, route_type, status, notes, created_at, updated_at, deleted_at) VALUES (6, 'HQ-Changi Business Park', 'R006', 'Raffles Place, CBD', 'Changi Business Park', NULL, 18, 30, 'City', 'Active', 'Tech campus route', '2026-02-16 15:52:00', '2026-02-16 15:52:00', NULL);
INSERT INTO routes (id, name, route_code, start_point, end_point, waypoints, distance_km, estimated_duration_min, route_type, status, notes, created_at, updated_at, deleted_at) VALUES (7, 'Warehouse-Client A', 'R007', 'Tuas Warehouse', 'Marina Bay Financial Centre', NULL, 38, 50, 'City', 'Active', 'Fixed delivery route', '2026-02-16 15:52:00', '2026-02-16 15:52:00', NULL);
INSERT INTO routes (id, name, route_code, start_point, end_point, waypoints, distance_km, estimated_duration_min, route_type, status, notes, created_at, updated_at, deleted_at) VALUES (8, 'Warehouse-Client B', 'R008', 'Tuas Warehouse', 'Mapletree Business City', NULL, 25, 35, 'City', 'Active', 'Fixed delivery route', '2026-02-16 15:52:00', '2026-02-16 15:52:00', NULL);
INSERT INTO routes (id, name, route_code, start_point, end_point, waypoints, distance_km, estimated_duration_min, route_type, status, notes, created_at, updated_at, deleted_at) VALUES (9, 'HQ-Sentosa', 'R009', 'Raffles Place, CBD', 'Sentosa, Resorts World', NULL, 10, 20, 'City', 'Active', 'Corporate events', '2026-02-16 15:52:00', '2026-02-16 15:52:00', NULL);
INSERT INTO routes (id, name, route_code, start_point, end_point, waypoints, distance_km, estimated_duration_min, route_type, status, notes, created_at, updated_at, deleted_at) VALUES (10, 'Shuttle-Woodlands', 'R010', 'Woodlands MRT', 'Raffles Place, CBD', NULL, 25, 45, 'Shuttle', 'Active', 'Staff shuttle route', '2026-02-16 15:52:00', '2026-02-16 15:52:00', NULL);
-- routes: 10 rows

INSERT INTO trips (id, trip_no, vehicle_id, driver_id, route_id, start_time, end_time, start_location, end_location, start_mileage, end_mileage, distance_km, fuel_consumed, purpose, status, passenger_count, cargo_weight, max_speed, avg_speed, notes, created_at, updated_at, deleted_at) VALUES (1, 'TR20250201001', 1, 1, 1, '2026-02-02 08:00:00', '2026-02-02 08:45:00', 'Raffles Place', 'Changi Airport T3', 42100, 42122, 22, 2.8, 'VIP pickup', 'Completed', 2, NULL, 80, 45, NULL, '2026-02-16 15:52:00', '2026-02-16 15:52:00', NULL);
INSERT INTO trips (id, trip_no, vehicle_id, driver_id, route_id, start_time, end_time, start_location, end_location, start_mileage, end_mileage, distance_km, fuel_consumed, purpose, status, passenger_count, cargo_weight, max_speed, avg_speed, notes, created_at, updated_at, deleted_at) VALUES (2, 'TR20250201002', 3, 3, 3, '2026-02-02 09:30:00', '2026-02-02 10:20:00', 'Raffles Place', 'Jurong East', 67300, 67320, 20, 2.5, 'Business meeting', 'Completed', 3, NULL, 80, 38, NULL, '2026-02-16 15:52:00', '2026-02-16 15:52:00', NULL);
INSERT INTO trips (id, trip_no, vehicle_id, driver_id, route_id, start_time, end_time, start_location, end_location, start_mileage, end_mileage, distance_km, fuel_consumed, purpose, status, passenger_count, cargo_weight, max_speed, avg_speed, notes, created_at, updated_at, deleted_at) VALUES (3, 'TR20250202001', 7, 7, 7, '2026-02-03 07:00:00', '2026-02-03 07:55:00', 'Tuas Warehouse', 'Marina Bay FC', 124500, 124538, 38, 8.5, 'Cargo delivery', 'Completed', 0, NULL, 70, 38, '3-tonne delivery', '2026-02-16 15:52:00', '2026-02-16 15:52:00', NULL);
INSERT INTO trips (id, trip_no, vehicle_id, driver_id, route_id, start_time, end_time, start_location, end_location, start_mileage, end_mileage, distance_km, fuel_consumed, purpose, status, passenger_count, cargo_weight, max_speed, avg_speed, notes, created_at, updated_at, deleted_at) VALUES (4, 'TR20250202002', 2, 2, 2, '2026-02-03 14:00:00', '2026-02-03 15:20:00', 'Raffles Place', 'Tuas Industrial', 37800, 37835, 35, NULL, 'Client pickup', 'Completed', 1, NULL, 90, 48, NULL, '2026-02-16 15:52:00', '2026-02-16 15:52:00', NULL);
INSERT INTO trips (id, trip_no, vehicle_id, driver_id, route_id, start_time, end_time, start_location, end_location, start_mileage, end_mileage, distance_km, fuel_consumed, purpose, status, passenger_count, cargo_weight, max_speed, avg_speed, notes, created_at, updated_at, deleted_at) VALUES (5, 'TR20250203001', 9, 9, 10, '2026-02-04 06:30:00', '2026-02-04 07:10:00', 'Woodlands MRT', 'Raffles Place', 179500, 179525, 25, 5.5, 'Staff shuttle', 'Completed', 28, NULL, 60, 35, 'Morning shuttle', '2026-02-16 15:52:00', '2026-02-16 15:52:00', NULL);
INSERT INTO trips (id, trip_no, vehicle_id, driver_id, route_id, start_time, end_time, start_location, end_location, start_mileage, end_mileage, distance_km, fuel_consumed, purpose, status, passenger_count, cargo_weight, max_speed, avg_speed, notes, created_at, updated_at, deleted_at) VALUES (6, 'TR20250203002', 4, 4, 4, '2026-02-04 10:00:00', '2026-02-04 10:35:00', 'Raffles Place', 'One North', 54900, 54912, 12, 1.5, 'Client visit', 'Completed', 2, NULL, 70, 30, NULL, '2026-02-16 15:52:00', '2026-02-16 15:52:00', NULL);
INSERT INTO trips (id, trip_no, vehicle_id, driver_id, route_id, start_time, end_time, start_location, end_location, start_mileage, end_mileage, distance_km, fuel_consumed, purpose, status, passenger_count, cargo_weight, max_speed, avg_speed, notes, created_at, updated_at, deleted_at) VALUES (7, 'TR20250204001', 5, 5, 5, '2026-02-05 08:00:00', '2026-02-05 10:00:00', 'Raffles Place', 'Johor Bahru CIQ', 48200, 48230, 30, 4.8, 'Business trip', 'Completed', 3, NULL, 90, 40, 'JB branch visit', '2026-02-16 15:52:00', '2026-02-16 15:52:00', NULL);
INSERT INTO trips (id, trip_no, vehicle_id, driver_id, route_id, start_time, end_time, start_location, end_location, start_mileage, end_mileage, distance_km, fuel_consumed, purpose, status, passenger_count, cargo_weight, max_speed, avg_speed, notes, created_at, updated_at, deleted_at) VALUES (8, 'TR20250204002', 8, 8, 8, '2026-02-05 13:00:00', '2026-02-05 14:00:00', 'Tuas Warehouse', 'Mapletree Biz City', 97600, 97625, 25, 5.5, 'Cargo delivery', 'Completed', 0, NULL, 65, 38, NULL, '2026-02-16 15:52:00', '2026-02-16 15:52:00', NULL);
INSERT INTO trips (id, trip_no, vehicle_id, driver_id, route_id, start_time, end_time, start_location, end_location, start_mileage, end_mileage, distance_km, fuel_consumed, purpose, status, passenger_count, cargo_weight, max_speed, avg_speed, notes, created_at, updated_at, deleted_at) VALUES (9, 'TR20250205001', 6, 6, 6, '2026-02-06 09:00:00', '2026-02-06 10:40:00', 'Raffles Place', 'Changi Biz Park', 28500, 28518, 18, 2.2, 'Site inspection', 'Completed', 4, NULL, 80, 42, NULL, '2026-02-16 15:52:00', '2026-02-16 15:52:00', NULL);
INSERT INTO trips (id, trip_no, vehicle_id, driver_id, route_id, start_time, end_time, start_location, end_location, start_mileage, end_mileage, distance_km, fuel_consumed, purpose, status, passenger_count, cargo_weight, max_speed, avg_speed, notes, created_at, updated_at, deleted_at) VALUES (10, 'TR20250205002', 10, 10, 10, '2026-02-06 06:30:00', '2026-02-06 07:10:00', 'Woodlands MRT', 'Raffles Place', 144600, 144625, 25, 6, 'Staff shuttle', 'Completed', 42, NULL, 55, 35, 'Morning shuttle', '2026-02-16 15:52:00', '2026-02-16 15:52:00', NULL);
INSERT INTO trips (id, trip_no, vehicle_id, driver_id, route_id, start_time, end_time, start_location, end_location, start_mileage, end_mileage, distance_km, fuel_consumed, purpose, status, passenger_count, cargo_weight, max_speed, avg_speed, notes, created_at, updated_at, deleted_at) VALUES (11, 'TR20250206001', 11, 11, 3, '2026-02-07 10:00:00', '2026-02-07 10:50:00', 'Raffles Place', 'Jurong East', 21700, 21720, 20, NULL, 'Admin errand', 'Completed', 1, NULL, 80, 38, NULL, '2026-02-16 15:52:00', '2026-02-16 15:52:00', NULL);
INSERT INTO trips (id, trip_no, vehicle_id, driver_id, route_id, start_time, end_time, start_location, end_location, start_mileage, end_mileage, distance_km, fuel_consumed, purpose, status, passenger_count, cargo_weight, max_speed, avg_speed, notes, created_at, updated_at, deleted_at) VALUES (12, 'TR20250206002', 12, 12, 1, '2026-02-07 14:00:00', '2026-02-07 14:46:00', 'Raffles Place', 'Changi Airport T3', 61600, 61622, 22, 2.8, 'Executive pickup', 'Completed', 1, NULL, 75, 42, NULL, '2026-02-16 15:52:00', '2026-02-16 15:52:00', NULL);
INSERT INTO trips (id, trip_no, vehicle_id, driver_id, route_id, start_time, end_time, start_location, end_location, start_mileage, end_mileage, distance_km, fuel_consumed, purpose, status, passenger_count, cargo_weight, max_speed, avg_speed, notes, created_at, updated_at, deleted_at) VALUES (13, 'TR20250207001', 15, 15, 4, '2026-02-08 09:30:00', '2026-02-08 10:05:00', 'Raffles Place', 'One North', 14700, 14712, 12, NULL, 'Tech exchange', 'Completed', 2, NULL, 65, 30, NULL, '2026-02-16 15:52:00', '2026-02-16 15:52:00', NULL);
INSERT INTO trips (id, trip_no, vehicle_id, driver_id, route_id, start_time, end_time, start_location, end_location, start_mileage, end_mileage, distance_km, fuel_consumed, purpose, status, passenger_count, cargo_weight, max_speed, avg_speed, notes, created_at, updated_at, deleted_at) VALUES (14, 'TR20250207002', 16, 16, 3, '2026-02-08 13:00:00', '2026-02-08 13:40:00', 'Raffles Place', 'Jurong East', 19700, 19720, 20, NULL, 'Ops coordination', 'Completed', 1, NULL, 80, 38, NULL, '2026-02-16 15:52:00', '2026-02-16 15:52:00', NULL);
INSERT INTO trips (id, trip_no, vehicle_id, driver_id, route_id, start_time, end_time, start_location, end_location, start_mileage, end_mileage, distance_km, fuel_consumed, purpose, status, passenger_count, cargo_weight, max_speed, avg_speed, notes, created_at, updated_at, deleted_at) VALUES (15, 'TR20250208001', 17, 17, 7, '2026-02-09 08:00:00', '2026-02-09 08:55:00', 'Raffles Place', 'Marina Bay FC', 27700, 27738, 38, 4.5, 'Client visit', 'Completed', 0, NULL, 72, 40, NULL, '2026-02-16 15:52:00', '2026-02-16 15:52:00', NULL);
INSERT INTO trips (id, trip_no, vehicle_id, driver_id, route_id, start_time, end_time, start_location, end_location, start_mileage, end_mileage, distance_km, fuel_consumed, purpose, status, passenger_count, cargo_weight, max_speed, avg_speed, notes, created_at, updated_at, deleted_at) VALUES (16, 'TR20250208002', 18, 18, 8, '2026-02-09 14:00:00', '2026-02-09 15:00:00', 'Tuas Warehouse', 'Mapletree Biz City', 34700, 34725, 25, NULL, 'Delivery', 'Completed', 0, NULL, 60, 35, 'EV truck delivery', '2026-02-16 15:52:00', '2026-02-16 15:52:00', NULL);
INSERT INTO trips (id, trip_no, vehicle_id, driver_id, route_id, start_time, end_time, start_location, end_location, start_mileage, end_mileage, distance_km, fuel_consumed, purpose, status, passenger_count, cargo_weight, max_speed, avg_speed, notes, created_at, updated_at, deleted_at) VALUES (17, 'TR20250209001', 1, 1, 1, '2026-02-10 08:30:00', '2026-02-10 09:22:00', 'Raffles Place', 'Changi Airport T3', 42400, 42422, 22, 2.7, 'VIP pickup', 'Completed', 1, NULL, 85, 45, NULL, '2026-02-16 15:52:00', '2026-02-16 15:52:00', NULL);
INSERT INTO trips (id, trip_no, vehicle_id, driver_id, route_id, start_time, end_time, start_location, end_location, start_mileage, end_mileage, distance_km, fuel_consumed, purpose, status, passenger_count, cargo_weight, max_speed, avg_speed, notes, created_at, updated_at, deleted_at) VALUES (18, 'TR20250209002', 7, 7, 7, '2026-02-10 09:00:00', '2026-02-10 09:55:00', 'Tuas Warehouse', 'Marina Bay FC', 124800, 124838, 38, 8.2, 'Cargo delivery', 'Completed', 0, NULL, 68, 38, NULL, '2026-02-16 15:52:00', '2026-02-16 15:52:00', NULL);
INSERT INTO trips (id, trip_no, vehicle_id, driver_id, route_id, start_time, end_time, start_location, end_location, start_mileage, end_mileage, distance_km, fuel_consumed, purpose, status, passenger_count, cargo_weight, max_speed, avg_speed, notes, created_at, updated_at, deleted_at) VALUES (19, 'TR20250210001', 3, 3, 5, '2026-02-11 07:00:00', '2026-02-11 09:00:00', 'Raffles Place', 'Johor Bahru CIQ', 67600, 67630, 30, 3.8, 'Business trip', 'Completed', 2, NULL, 90, 40, NULL, '2026-02-16 15:52:00', '2026-02-16 15:52:00', NULL);
INSERT INTO trips (id, trip_no, vehicle_id, driver_id, route_id, start_time, end_time, start_location, end_location, start_mileage, end_mileage, distance_km, fuel_consumed, purpose, status, passenger_count, cargo_weight, max_speed, avg_speed, notes, created_at, updated_at, deleted_at) VALUES (20, 'TR20250210002', 9, 9, 10, '2026-02-11 06:30:00', '2026-02-11 07:10:00', 'Woodlands MRT', 'Raffles Place', 179800, 179825, 25, 5.3, 'Staff shuttle', 'Completed', 30, NULL, 58, 35, 'Morning shuttle', '2026-02-16 15:52:00', '2026-02-16 15:52:00', NULL);
INSERT INTO trips (id, trip_no, vehicle_id, driver_id, route_id, start_time, end_time, start_location, end_location, start_mileage, end_mileage, distance_km, fuel_consumed, purpose, status, passenger_count, cargo_weight, max_speed, avg_speed, notes, created_at, updated_at, deleted_at) VALUES (21, 'TR20250211001', 2, 2, 1, '2026-02-12 14:00:00', '2026-02-12 14:46:00', 'Raffles Place', 'Changi Airport T3', 38200, 38222, 22, NULL, 'Client pickup', 'Completed', 1, NULL, 82, 42, NULL, '2026-02-16 15:52:00', '2026-02-16 15:52:00', NULL);
INSERT INTO trips (id, trip_no, vehicle_id, driver_id, route_id, start_time, end_time, start_location, end_location, start_mileage, end_mileage, distance_km, fuel_consumed, purpose, status, passenger_count, cargo_weight, max_speed, avg_speed, notes, created_at, updated_at, deleted_at) VALUES (22, 'TR20250211002', 5, 5, 6, '2026-02-12 09:00:00', '2026-02-12 10:40:00', 'Raffles Place', 'Changi Biz Park', 48600, 48618, 18, 2.8, 'Project support', 'Completed', 3, NULL, 80, 40, NULL, '2026-02-16 15:52:00', '2026-02-16 15:52:00', NULL);
INSERT INTO trips (id, trip_no, vehicle_id, driver_id, route_id, start_time, end_time, start_location, end_location, start_mileage, end_mileage, distance_km, fuel_consumed, purpose, status, passenger_count, cargo_weight, max_speed, avg_speed, notes, created_at, updated_at, deleted_at) VALUES (23, 'TR20250212001', 4, 4, 3, '2026-02-13 10:00:00', '2026-02-13 10:50:00', 'Raffles Place', 'Jurong East', 55200, 55220, 20, 2.4, 'Market research', 'Completed', 2, NULL, 80, 38, NULL, '2026-02-16 15:52:00', '2026-02-16 15:52:00', NULL);
INSERT INTO trips (id, trip_no, vehicle_id, driver_id, route_id, start_time, end_time, start_location, end_location, start_mileage, end_mileage, distance_km, fuel_consumed, purpose, status, passenger_count, cargo_weight, max_speed, avg_speed, notes, created_at, updated_at, deleted_at) VALUES (24, 'TR20250212002', 6, 6, 4, '2026-02-13 14:00:00', '2026-02-13 14:28:00', 'Raffles Place', 'One North', 28900, 28912, 12, 1.5, 'Partnership meeting', 'Completed', 1, NULL, 70, 30, NULL, '2026-02-16 15:52:00', '2026-02-16 15:52:00', NULL);
INSERT INTO trips (id, trip_no, vehicle_id, driver_id, route_id, start_time, end_time, start_location, end_location, start_mileage, end_mileage, distance_km, fuel_consumed, purpose, status, passenger_count, cargo_weight, max_speed, avg_speed, notes, created_at, updated_at, deleted_at) VALUES (25, 'TR20250213001', 8, 8, 7, '2026-02-14 07:00:00', '2026-02-14 07:55:00', 'Tuas Warehouse', 'Marina Bay FC', 97900, 97938, 38, 8.8, 'Cargo delivery', 'Completed', 0, NULL, 66, 38, NULL, '2026-02-16 15:52:00', '2026-02-16 15:52:00', NULL);
INSERT INTO trips (id, trip_no, vehicle_id, driver_id, route_id, start_time, end_time, start_location, end_location, start_mileage, end_mileage, distance_km, fuel_consumed, purpose, status, passenger_count, cargo_weight, max_speed, avg_speed, notes, created_at, updated_at, deleted_at) VALUES (26, 'TR20250213002', 10, 10, 10, '2026-02-14 17:00:00', '2026-02-14 17:40:00', 'Woodlands MRT', 'Raffles Place', 144900, 144925, 25, 5.8, 'Staff shuttle', 'Completed', 45, NULL, 55, 35, 'Evening shuttle', '2026-02-16 15:52:00', '2026-02-16 15:52:00', NULL);
INSERT INTO trips (id, trip_no, vehicle_id, driver_id, route_id, start_time, end_time, start_location, end_location, start_mileage, end_mileage, distance_km, fuel_consumed, purpose, status, passenger_count, cargo_weight, max_speed, avg_speed, notes, created_at, updated_at, deleted_at) VALUES (27, 'TR20250214001', 11, 11, 1, '2026-02-15 10:00:00', '2026-02-15 10:46:00', 'Raffles Place', 'Changi Airport T3', 22000, 22022, 22, NULL, 'Colleague pickup', 'Completed', 1, NULL, 78, 42, NULL, '2026-02-16 15:52:00', '2026-02-16 15:52:00', NULL);
INSERT INTO trips (id, trip_no, vehicle_id, driver_id, route_id, start_time, end_time, start_location, end_location, start_mileage, end_mileage, distance_km, fuel_consumed, purpose, status, passenger_count, cargo_weight, max_speed, avg_speed, notes, created_at, updated_at, deleted_at) VALUES (28, 'TR20250214002', 15, 15, 6, '2026-02-15 08:00:00', '2026-02-15 09:40:00', 'Raffles Place', 'Changi Biz Park', 15000, 15018, 18, NULL, 'Tech support', 'Completed', 2, NULL, 80, 42, NULL, '2026-02-16 15:52:00', '2026-02-16 15:52:00', NULL);
INSERT INTO trips (id, trip_no, vehicle_id, driver_id, route_id, start_time, end_time, start_location, end_location, start_mileage, end_mileage, distance_km, fuel_consumed, purpose, status, passenger_count, cargo_weight, max_speed, avg_speed, notes, created_at, updated_at, deleted_at) VALUES (29, 'TR20250215001', 1, 1, 1, '2026-02-16 08:00:00', NULL, 'Raffles Place', NULL, 42580, NULL, NULL, NULL, 'VIP pickup', 'In Progress', 1, NULL, NULL, NULL, 'Heading to airport', '2026-02-16 15:52:00', '2026-02-16 15:52:00', NULL);
INSERT INTO trips (id, trip_no, vehicle_id, driver_id, route_id, start_time, end_time, start_location, end_location, start_mileage, end_mileage, distance_km, fuel_consumed, purpose, status, passenger_count, cargo_weight, max_speed, avg_speed, notes, created_at, updated_at, deleted_at) VALUES (30, 'TR20250215002', 7, 7, 7, '2026-02-16 07:30:00', NULL, 'Tuas Warehouse', NULL, 125100, NULL, NULL, NULL, 'Cargo delivery', 'In Progress', 0, NULL, NULL, NULL, 'En route', '2026-02-16 15:52:00', '2026-02-16 15:52:00', NULL);
-- trips: 30 rows

INSERT INTO vehicle_capabilities (id, vehicle_id, capability, description, created_at) VALUES (1, 1, 'VIP Reception', 'Premium leather seats, rear independent A/C, ideal for VIP reception', '2026-02-16 15:52:00');
INSERT INTO vehicle_capabilities (id, vehicle_id, capability, description, created_at) VALUES (2, 1, 'Long Distance', 'Full tank range 800km+, suitable for long trips', '2026-02-16 15:52:00');
INSERT INTO vehicle_capabilities (id, vehicle_id, capability, description, created_at) VALUES (3, 2, 'VIP Reception', 'Tesla premium EV, great for business reception', '2026-02-16 15:52:00');
INSERT INTO vehicle_capabilities (id, vehicle_id, capability, description, created_at) VALUES (4, 2, 'Long Distance', 'Range 550km+, suitable for long trips', '2026-02-16 15:52:00');
INSERT INTO vehicle_capabilities (id, vehicle_id, capability, description, created_at) VALUES (5, 3, 'Business Use', 'Mid-size sedan, suitable for general business use', '2026-02-16 15:52:00');
INSERT INTO vehicle_capabilities (id, vehicle_id, capability, description, created_at) VALUES (6, 3, 'Long Distance', 'Large fuel tank, range 800km+', '2026-02-16 15:52:00');
INSERT INTO vehicle_capabilities (id, vehicle_id, capability, description, created_at) VALUES (7, 4, 'Business Use', 'Compact sedan, daily business transport', '2026-02-16 15:52:00');
INSERT INTO vehicle_capabilities (id, vehicle_id, capability, description, created_at) VALUES (8, 5, 'Off-Road', 'SUV with high ground clearance, handles unpaved roads', '2026-02-16 15:52:00');
INSERT INTO vehicle_capabilities (id, vehicle_id, capability, description, created_at) VALUES (9, 5, 'Bulky Cargo', 'Large boot space, suitable for transporting bulky items', '2026-02-16 15:52:00');
INSERT INTO vehicle_capabilities (id, vehicle_id, capability, description, created_at) VALUES (10, 6, 'VIP Reception', 'Luxury SUV, suitable for high-end reception', '2026-02-16 15:52:00');
INSERT INTO vehicle_capabilities (id, vehicle_id, capability, description, created_at) VALUES (11, 6, 'Off-Road', 'All-terrain capability for rough roads', '2026-02-16 15:52:00');
INSERT INTO vehicle_capabilities (id, vehicle_id, capability, description, created_at) VALUES (12, 6, 'Long Distance', 'Petrol with large tank, range over 900km', '2026-02-16 15:52:00');
INSERT INTO vehicle_capabilities (id, vehicle_id, capability, description, created_at) VALUES (13, 7, 'Cargo Transport', '14ft box truck, max payload 4 tonnes', '2026-02-16 15:52:00');
INSERT INTO vehicle_capabilities (id, vehicle_id, capability, description, created_at) VALUES (14, 7, 'Bulky Cargo', 'Cargo box can transport large equipment and materials', '2026-02-16 15:52:00');
INSERT INTO vehicle_capabilities (id, vehicle_id, capability, description, created_at) VALUES (15, 7, 'Heavy Equipment', 'Equipped with hydraulic tailgate for heavy equipment loading', '2026-02-16 15:52:00');
INSERT INTO vehicle_capabilities (id, vehicle_id, capability, description, created_at) VALUES (16, 8, 'Cargo Transport', 'Box truck, max payload 3 tonnes', '2026-02-16 15:52:00');
INSERT INTO vehicle_capabilities (id, vehicle_id, capability, description, created_at) VALUES (17, 8, 'Bulky Cargo', 'Suitable for transporting medium equipment', '2026-02-16 15:52:00');
INSERT INTO vehicle_capabilities (id, vehicle_id, capability, description, created_at) VALUES (18, 9, 'Group Transport', '33-seat bus, suitable for team outings', '2026-02-16 15:52:00');
INSERT INTO vehicle_capabilities (id, vehicle_id, capability, description, created_at) VALUES (19, 9, 'Shuttle Service', 'Daily morning/evening shuttle service', '2026-02-16 15:52:00');
INSERT INTO vehicle_capabilities (id, vehicle_id, capability, description, created_at) VALUES (20, 10, 'Group Transport', '49-seat coach, suitable for large groups', '2026-02-16 15:52:00');
INSERT INTO vehicle_capabilities (id, vehicle_id, capability, description, created_at) VALUES (21, 10, 'Shuttle Service', 'Shuttle bus service', '2026-02-16 15:52:00');
INSERT INTO vehicle_capabilities (id, vehicle_id, capability, description, created_at) VALUES (22, 10, 'Long Distance', 'Coach long-distance transport capability', '2026-02-16 15:52:00');
INSERT INTO vehicle_capabilities (id, vehicle_id, capability, description, created_at) VALUES (23, 11, 'Daily Commute', 'Economy EV, suitable for short daily trips', '2026-02-16 15:52:00');
INSERT INTO vehicle_capabilities (id, vehicle_id, capability, description, created_at) VALUES (24, 12, 'VIP Reception', 'Mercedes E-Class, top choice for business reception', '2026-02-16 15:52:00');
INSERT INTO vehicle_capabilities (id, vehicle_id, capability, description, created_at) VALUES (25, 12, 'Long Distance', 'Comfortable sedan for long business trips', '2026-02-16 15:52:00');
INSERT INTO vehicle_capabilities (id, vehicle_id, capability, description, created_at) VALUES (26, 13, 'Daily Commute', 'Compact SUV hybrid, daily commute', '2026-02-16 15:52:00');
INSERT INTO vehicle_capabilities (id, vehicle_id, capability, description, created_at) VALUES (27, 14, 'Cargo Transport', 'Medium truck, suitable for city delivery', '2026-02-16 15:52:00');
INSERT INTO vehicle_capabilities (id, vehicle_id, capability, description, created_at) VALUES (28, 15, 'VIP Reception', 'BMW electric SUV, high-tech appeal', '2026-02-16 15:52:00');
INSERT INTO vehicle_capabilities (id, vehicle_id, capability, description, created_at) VALUES (29, 15, 'Off-Road', 'Electric SUV with good ground clearance', '2026-02-16 15:52:00');
INSERT INTO vehicle_capabilities (id, vehicle_id, capability, description, created_at) VALUES (30, 16, 'Daily Commute', 'Electric car, city commuting', '2026-02-16 15:52:00');
INSERT INTO vehicle_capabilities (id, vehicle_id, capability, description, created_at) VALUES (31, 16, 'Long Distance', 'Range over 400km', '2026-02-16 15:52:00');
INSERT INTO vehicle_capabilities (id, vehicle_id, capability, description, created_at) VALUES (32, 17, 'Daily Commute', 'Compact sedan, daily use', '2026-02-16 15:52:00');
INSERT INTO vehicle_capabilities (id, vehicle_id, capability, description, created_at) VALUES (33, 18, 'Cargo Transport', 'Electric van, green city delivery', '2026-02-16 15:52:00');
INSERT INTO vehicle_capabilities (id, vehicle_id, capability, description, created_at) VALUES (34, 18, 'Bulky Cargo', 'Electric truck, suitable for medium cargo', '2026-02-16 15:52:00');
-- vehicle_capabilities: 34 rows

INSERT INTO vehicles (id, plate_number, vin, brand, model, vehicle_type, color, engine_no, purchase_date, purchase_price, mileage, fuel_type, fuel_tank_capacity, seat_count, status, department, gps_device_id, annual_inspection_date, insurance_expire_date, notes, created_at, updated_at, deleted_at) VALUES (1, 'SBA1001A', 'JTDKN3DU5N5012345', 'Mercedes-Benz', 'S450L', 'Sedan', 'Obsidian Black', 'M256-E30', '2023-03-15', 498000, 42580, 'Petrol', 66, 5, 'Online', 'CEO Office', 'GPS-001', '2025-03-15', '2025-03-15', 'CEO dedicated car', '2026-02-16 15:52:00', '2026-02-16 15:52:00', NULL);
INSERT INTO vehicles (id, plate_number, vin, brand, model, vehicle_type, color, engine_no, purchase_date, purchase_price, mileage, fuel_type, fuel_tank_capacity, seat_count, status, department, gps_device_id, annual_inspection_date, insurance_expire_date, notes, created_at, updated_at, deleted_at) VALUES (2, 'SBA2002B', 'JTDKN3DU5N5012346', 'Tesla', 'Model Y', 'EV', 'Pearl White', NULL, '2023-05-20', 89990, 38200, 'Electric', NULL, 5, 'Online', 'Sales', 'GPS-002', '2025-05-20', '2025-05-20', 'Sales Director', '2026-02-16 15:52:00', '2026-02-16 15:52:00', NULL);
INSERT INTO vehicles (id, plate_number, vin, brand, model, vehicle_type, color, engine_no, purchase_date, purchase_price, mileage, fuel_type, fuel_tank_capacity, seat_count, status, department, gps_device_id, annual_inspection_date, insurance_expire_date, notes, created_at, updated_at, deleted_at) VALUES (3, 'SBB3003C', 'LSVAU2180N2123456', 'Toyota', 'Camry 2.5', 'Sedan', 'Midnight Black', 'A25A-FKS', '2022-08-10', 189000, 67800, 'Petrol', 60, 5, 'Online', 'Admin', 'GPS-003', '2024-08-10', '2025-08-10', 'Business reception', '2026-02-16 15:52:00', '2026-02-16 15:52:00', NULL);
INSERT INTO vehicles (id, plate_number, vin, brand, model, vehicle_type, color, engine_no, purchase_date, purchase_price, mileage, fuel_type, fuel_tank_capacity, seat_count, status, department, gps_device_id, annual_inspection_date, insurance_expire_date, notes, created_at, updated_at, deleted_at) VALUES (4, 'SBB4004D', 'LSVAU2180N2123457', 'Honda', 'Civic 1.5T', 'Sedan', 'Platinum White', 'L15C7', '2022-06-15', 135000, 55200, 'Petrol', 47, 5, 'Offline', 'Marketing', 'GPS-004', '2024-06-15', '2025-06-15', 'Out for client visit', '2026-02-16 15:52:00', '2026-02-16 15:52:00', NULL);
INSERT INTO vehicles (id, plate_number, vin, brand, model, vehicle_type, color, engine_no, purchase_date, purchase_price, mileage, fuel_type, fuel_tank_capacity, seat_count, status, department, gps_device_id, annual_inspection_date, insurance_expire_date, notes, created_at, updated_at, deleted_at) VALUES (5, 'SBC5005E', 'LGWEF4A47NF012345', 'Toyota', 'Fortuner', 'SUV', 'Attitude Black', '2GD-FTV', '2022-11-01', 198000, 48600, 'Diesel', 80, 7, 'Online', 'Engineering', 'GPS-005', '2024-11-01', '2025-11-01', NULL, '2026-02-16 15:52:00', '2026-02-16 15:52:00', NULL);
INSERT INTO vehicles (id, plate_number, vin, brand, model, vehicle_type, color, engine_no, purchase_date, purchase_price, mileage, fuel_type, fuel_tank_capacity, seat_count, status, department, gps_device_id, annual_inspection_date, insurance_expire_date, notes, created_at, updated_at, deleted_at) VALUES (6, 'SBC6006F', 'LGWEF4A47NF012346', 'BMW', 'X5 xDrive', 'SUV', 'Space Grey', 'B58B30', '2023-07-10', 378000, 28900, 'Petrol', 83, 5, 'Online', 'Product', 'GPS-006', '2025-07-10', '2025-07-10', 'Executive SUV', '2026-02-16 15:52:00', '2026-02-16 15:52:00', NULL);
INSERT INTO vehicles (id, plate_number, vin, brand, model, vehicle_type, color, engine_no, purchase_date, purchase_price, mileage, fuel_type, fuel_tank_capacity, seat_count, status, department, gps_device_id, annual_inspection_date, insurance_expire_date, notes, created_at, updated_at, deleted_at) VALUES (7, 'SBD7007G', 'LFV2A2157N3012345', 'Mitsubishi', 'Fuso Canter', 'Truck', 'Blue', '4P10-T6', '2021-09-20', 128000, 125000, 'Diesel', 100, 3, 'Online', 'Logistics', 'GPS-007', '2024-09-20', '2025-09-20', '14ft box truck', '2026-02-16 15:52:00', '2026-02-16 15:52:00', NULL);
INSERT INTO vehicles (id, plate_number, vin, brand, model, vehicle_type, color, engine_no, purchase_date, purchase_price, mileage, fuel_type, fuel_tank_capacity, seat_count, status, department, gps_device_id, annual_inspection_date, insurance_expire_date, notes, created_at, updated_at, deleted_at) VALUES (8, 'SBD8008H', 'LFV2A2157N3012346', 'Isuzu', 'NLR77', 'Truck', 'White', '4JH1-TC', '2022-01-15', 98000, 98000, 'Diesel', 80, 3, 'Maintenance', 'Logistics', 'GPS-008', '2024-01-15', '2025-01-15', 'Gearbox issue under repair', '2026-02-16 15:52:00', '2026-02-16 15:52:00', NULL);
INSERT INTO vehicles (id, plate_number, vin, brand, model, vehicle_type, color, engine_no, purchase_date, purchase_price, mileage, fuel_type, fuel_tank_capacity, seat_count, status, department, gps_device_id, annual_inspection_date, insurance_expire_date, notes, created_at, updated_at, deleted_at) VALUES (9, 'SBE9009J', 'LNBSCCAK5ND012345', 'Yutong', 'ZK6826H', 'Bus', 'White', 'YC4FA130', '2021-05-10', 320000, 180000, 'Diesel', 200, 33, 'Offline', 'Admin', 'GPS-009', '2024-05-10', '2025-05-10', '33-seat shuttle bus, off on weekends', '2026-02-16 15:52:00', '2026-02-16 15:52:00', NULL);
INSERT INTO vehicles (id, plate_number, vin, brand, model, vehicle_type, color, engine_no, purchase_date, purchase_price, mileage, fuel_type, fuel_tank_capacity, seat_count, status, department, gps_device_id, annual_inspection_date, insurance_expire_date, notes, created_at, updated_at, deleted_at) VALUES (10, 'SBE1010K', 'LNBSCCAK5ND012346', 'Zhongtong', 'LCK6127H', 'Bus', 'Silver', 'ISLe340', '2022-03-01', 420000, 145000, 'Diesel', 300, 49, 'Offline', 'Admin', 'GPS-010', '2024-03-01', '2025-03-01', '49-seat coach, off on weekends', '2026-02-16 15:52:00', '2026-02-16 15:52:00', NULL);
INSERT INTO vehicles (id, plate_number, vin, brand, model, vehicle_type, color, engine_no, purchase_date, purchase_price, mileage, fuel_type, fuel_tank_capacity, seat_count, status, department, gps_device_id, annual_inspection_date, insurance_expire_date, notes, created_at, updated_at, deleted_at) VALUES (11, 'SBF1011L', 'LVSHCFAE5NF012345', 'Hyundai', 'Ioniq 5', 'EV', 'Gravity Grey', NULL, '2023-09-01', 209000, 22000, 'Electric', NULL, 5, 'Maintenance', 'HR', 'GPS-011', '2025-09-01', '2025-09-01', 'Battery health check', '2026-02-16 15:52:00', '2026-02-16 15:52:00', NULL);
INSERT INTO vehicles (id, plate_number, vin, brand, model, vehicle_type, color, engine_no, purchase_date, purchase_price, mileage, fuel_type, fuel_tank_capacity, seat_count, status, department, gps_device_id, annual_inspection_date, insurance_expire_date, notes, created_at, updated_at, deleted_at) VALUES (12, 'SBF1012M', 'LVSHCFAE5NF012346', 'Mercedes-Benz', 'E200', 'Sedan', 'Selenite Grey', 'M254-E20', '2022-04-20', 328000, 62000, 'Petrol', 66, 5, 'Offline', 'Finance', 'GPS-012', '2024-04-20', '2025-04-20', 'CFO on business trip', '2026-02-16 15:52:00', '2026-02-16 15:52:00', NULL);
INSERT INTO vehicles (id, plate_number, vin, brand, model, vehicle_type, color, engine_no, purchase_date, purchase_price, mileage, fuel_type, fuel_tank_capacity, seat_count, status, department, gps_device_id, annual_inspection_date, insurance_expire_date, notes, created_at, updated_at, deleted_at) VALUES (13, 'SBG1013N', 'LSJA24U37NF012345', 'Toyota', 'Corolla Cross', 'SUV', 'Celestite Grey', '2ZR-FXE', '2023-01-10', 169000, 32000, 'Hybrid', 43, 5, 'Offline', 'Admin', 'GPS-013', '2025-01-10', '2025-01-10', 'GPS signal issue', '2026-02-16 15:52:00', '2026-02-16 15:52:00', NULL);
INSERT INTO vehicles (id, plate_number, vin, brand, model, vehicle_type, color, engine_no, purchase_date, purchase_price, mileage, fuel_type, fuel_tank_capacity, seat_count, status, department, gps_device_id, annual_inspection_date, insurance_expire_date, notes, created_at, updated_at, deleted_at) VALUES (14, 'SBG1014P', 'LFV2A2157N3012347', 'Isuzu', 'NPR75', 'Truck', 'Blue', '4HK1-TC', '2022-07-01', 115000, 88000, 'Diesel', 100, 3, 'Maintenance', 'Logistics', 'GPS-014', '2024-07-01', '2025-07-01', 'Engine fault under repair', '2026-02-16 15:52:00', '2026-02-16 15:52:00', NULL);
INSERT INTO vehicles (id, plate_number, vin, brand, model, vehicle_type, color, engine_no, purchase_date, purchase_price, mileage, fuel_type, fuel_tank_capacity, seat_count, status, department, gps_device_id, annual_inspection_date, insurance_expire_date, notes, created_at, updated_at, deleted_at) VALUES (15, 'SBH1015Q', 'LVHRU5849N5012347', 'BMW', 'iX3', 'SUV', 'Phytonic Blue', NULL, '2023-11-15', 298000, 15000, 'Electric', NULL, 5, 'Online', 'R&D', 'GPS-015', '2025-11-15', '2025-11-15', NULL, '2026-02-16 15:52:00', '2026-02-16 15:52:00', NULL);
INSERT INTO vehicles (id, plate_number, vin, brand, model, vehicle_type, color, engine_no, purchase_date, purchase_price, mileage, fuel_type, fuel_tank_capacity, seat_count, status, department, gps_device_id, annual_inspection_date, insurance_expire_date, notes, created_at, updated_at, deleted_at) VALUES (16, 'SBH1016R', 'LVHRU5849N5012348', 'BYD', 'Atto 3', 'EV', 'Boulder Grey', NULL, '2023-08-20', 52000, 20000, 'Electric', NULL, 5, 'Online', 'Operations', 'GPS-016', '2025-08-20', '2025-08-20', NULL, '2026-02-16 15:52:00', '2026-02-16 15:52:00', NULL);
INSERT INTO vehicles (id, plate_number, vin, brand, model, vehicle_type, color, engine_no, purchase_date, purchase_price, mileage, fuel_type, fuel_tank_capacity, seat_count, status, department, gps_device_id, annual_inspection_date, insurance_expire_date, notes, created_at, updated_at, deleted_at) VALUES (17, 'SBJ1017S', 'LGWEF4A47NF012347', 'Toyota', 'Vios', 'Sedan', 'Red Mica', '2NR-FE', '2023-04-01', 95000, 28000, 'Petrol', 42, 5, 'Suspended', 'Customer Svc', 'GPS-017', '2025-04-01', '2025-04-01', 'Suspended, pending reassignment', '2026-02-16 15:52:00', '2026-02-16 15:52:00', NULL);
INSERT INTO vehicles (id, plate_number, vin, brand, model, vehicle_type, color, engine_no, purchase_date, purchase_price, mileage, fuel_type, fuel_tank_capacity, seat_count, status, department, gps_device_id, annual_inspection_date, insurance_expire_date, notes, created_at, updated_at, deleted_at) VALUES (18, 'SBJ1018T', 'LFV2A2157N3012348', 'BYD', 'T3', 'Truck', 'White', NULL, '2023-06-01', 78000, 35000, 'Electric', NULL, 3, 'Suspended', 'Logistics', 'GPS-018', '2025-06-01', '2025-06-01', 'EV van, charger under repair', '2026-02-16 15:52:00', '2026-02-16 15:52:00', NULL);
INSERT INTO vehicles (id, plate_number, vin, brand, model, vehicle_type, color, engine_no, purchase_date, purchase_price, mileage, fuel_type, fuel_tank_capacity, seat_count, status, department, gps_device_id, annual_inspection_date, insurance_expire_date, notes, created_at, updated_at, deleted_at) VALUES (19, 'SBK1019U', 'LSVAU2180N2123458', 'Nissan', 'Sylphy', 'Sedan', 'Brilliant Silver', 'MR20DD', '2022-10-10', 105000, 51000, 'Petrol', 52, 5, 'Decommissioned', 'Legal', 'GPS-019', '2024-10-10', '2025-10-10', 'Engine failure, scrapped', '2026-02-16 15:52:00', '2026-02-16 15:52:00', NULL);
INSERT INTO vehicles (id, plate_number, vin, brand, model, vehicle_type, color, engine_no, purchase_date, purchase_price, mileage, fuel_type, fuel_tank_capacity, seat_count, status, department, gps_device_id, annual_inspection_date, insurance_expire_date, notes, created_at, updated_at, deleted_at) VALUES (20, 'SBK1020V', 'LVHRU5849N5012349', 'Tesla', 'Model 3', 'EV', 'Midnight Silver', NULL, '2024-01-05', 72000, 8000, 'Electric', NULL, 5, 'Decommissioned', 'Design', 'GPS-020', '2026-01-05', '2026-01-05', 'Collision accident, scrapped', '2026-02-16 15:52:00', '2026-02-16 15:52:00', NULL);
-- vehicles: 20 rows

INSERT INTO violations (id, vehicle_id, driver_id, violation_date, violation_location, violation_type, violation_code, fine_amount, deduction_points, status, handler, handled_date, evidence_url, notes, created_at, updated_at, deleted_at) VALUES (73, 3, 3, '2025-12-18 14:30:00', 'ECP towards Changi', 'Speeding (1-20km/h over)', 'SP01', 150, 4, 'Processed', 'Raj Kumar', '2025-12-23', NULL, NULL, '2026-02-16 15:52:00', '2026-02-16 15:52:00', NULL);
INSERT INTO violations (id, vehicle_id, driver_id, violation_date, violation_location, violation_type, violation_code, fine_amount, deduction_points, status, handler, handled_date, evidence_url, notes, created_at, updated_at, deleted_at) VALUES (74, 5, 5, '2025-12-26 10:15:00', 'AYE towards Tuas', 'Illegal lane change', 'LC01', 150, 4, 'Processed', 'Muhammad Rizal', '2025-12-30', NULL, 'Crossed double white line', '2026-02-16 15:52:00', '2026-02-16 15:52:00', NULL);
INSERT INTO violations (id, vehicle_id, driver_id, violation_date, violation_location, violation_type, violation_code, fine_amount, deduction_points, status, handler, handled_date, evidence_url, notes, created_at, updated_at, deleted_at) VALUES (75, 7, 7, '2026-01-02 08:20:00', 'Tuas Ave 1', 'Speeding (21-40km/h over)', 'SP02', 300, 8, 'Processed', 'Siva Rajan', '2026-01-07', NULL, 'Heavy vehicle 60km/h zone', '2026-02-16 15:52:00', '2026-02-16 15:52:00', NULL);
INSERT INTO violations (id, vehicle_id, driver_id, violation_date, violation_location, violation_type, violation_code, fine_amount, deduction_points, status, handler, handled_date, evidence_url, notes, created_at, updated_at, deleted_at) VALUES (76, 8, 8, '2026-01-09 16:45:00', 'Woodlands Ave 3', 'Red light running', 'RL01', 400, 12, 'Pending', NULL, NULL, NULL, 'Awaiting processing', '2026-02-16 15:52:00', '2026-02-16 15:52:00', NULL);
INSERT INTO violations (id, vehicle_id, driver_id, violation_date, violation_location, violation_type, violation_code, fine_amount, deduction_points, status, handler, handled_date, evidence_url, notes, created_at, updated_at, deleted_at) VALUES (77, 12, 12, '2026-01-12 11:30:00', 'Holland Road', 'Illegal parking', 'PK01', 120, 0, 'Processed', 'David Tan', '2026-01-17', NULL, NULL, '2026-02-16 15:52:00', '2026-02-16 15:52:00', NULL);
INSERT INTO violations (id, vehicle_id, driver_id, violation_date, violation_location, violation_type, violation_code, fine_amount, deduction_points, status, handler, handled_date, evidence_url, notes, created_at, updated_at, deleted_at) VALUES (78, 3, 3, '2026-01-19 09:10:00', 'CTE towards SLE', 'Speeding (1-20km/h over)', 'SP01', 130, 4, 'Processed', 'Raj Kumar', '2026-01-22', NULL, NULL, '2026-02-16 15:52:00', '2026-02-16 15:52:00', NULL);
INSERT INTO violations (id, vehicle_id, driver_id, violation_date, violation_location, violation_type, violation_code, fine_amount, deduction_points, status, handler, handled_date, evidence_url, notes, created_at, updated_at, deleted_at) VALUES (79, 17, 17, '2026-01-25 17:20:00', 'Sengkang East Way', 'Failing to signal', 'SG01', 100, 4, 'Pending', NULL, NULL, NULL, NULL, '2026-02-16 15:52:00', '2026-02-16 15:52:00', NULL);
INSERT INTO violations (id, vehicle_id, driver_id, violation_date, violation_location, violation_type, violation_code, fine_amount, deduction_points, status, handler, handled_date, evidence_url, notes, created_at, updated_at, deleted_at) VALUES (80, 7, 7, '2026-01-29 07:45:00', 'PIE towards Changi', 'Speeding (1-20km/h over)', 'SP01', 150, 4, 'Processed', 'Siva Rajan', '2026-02-01', NULL, NULL, '2026-02-16 15:52:00', '2026-02-16 15:52:00', NULL);
INSERT INTO violations (id, vehicle_id, driver_id, violation_date, violation_location, violation_type, violation_code, fine_amount, deduction_points, status, handler, handled_date, evidence_url, notes, created_at, updated_at, deleted_at) VALUES (81, 14, 14, '2026-02-02 13:50:00', 'Yishun Ave 2', 'Failing to give way', 'GW01', 150, 6, 'Processed', 'Suresh Naidu', '2026-02-06', NULL, NULL, '2026-02-16 15:52:00', '2026-02-16 15:52:00', NULL);
INSERT INTO violations (id, vehicle_id, driver_id, violation_date, violation_location, violation_type, violation_code, fine_amount, deduction_points, status, handler, handled_date, evidence_url, notes, created_at, updated_at, deleted_at) VALUES (82, 14, 14, '2026-02-06 09:30:00', 'SLE towards Woodlands', 'Speeding (21-40km/h over)', 'SP02', 300, 8, 'Appealing', NULL, NULL, NULL, 'Speed limit sign unclear', '2026-02-16 15:52:00', '2026-02-16 15:52:00', NULL);
INSERT INTO violations (id, vehicle_id, driver_id, violation_date, violation_location, violation_type, violation_code, fine_amount, deduction_points, status, handler, handled_date, evidence_url, notes, created_at, updated_at, deleted_at) VALUES (83, 5, 5, '2026-02-09 16:00:00', 'Tuas Industrial Ave 4', 'Illegal U-turn', 'UT01', 130, 4, 'Pending', NULL, NULL, NULL, NULL, '2026-02-16 15:52:00', '2026-02-16 15:52:00', NULL);
INSERT INTO violations (id, vehicle_id, driver_id, violation_date, violation_location, violation_type, violation_code, fine_amount, deduction_points, status, handler, handled_date, evidence_url, notes, created_at, updated_at, deleted_at) VALUES (84, 7, 7, '2026-02-13 08:30:00', 'Second Link towards JB', 'Speeding (1-20km/h over)', 'SP01', 150, 4, 'Processed', 'Siva Rajan', '2026-02-15', NULL, NULL, '2026-02-16 15:52:00', '2026-02-16 15:52:00', NULL);
-- violations: 12 rows

-- ============================================
-- Indexes
-- ============================================

CREATE INDEX idx_alerts_alert_time ON alerts(alert_time);
CREATE INDEX idx_alerts_status ON alerts(status);
CREATE INDEX idx_alerts_vehicle ON alerts(vehicle_id);
CREATE INDEX idx_drivers_department ON drivers(department);
CREATE INDEX idx_drivers_status ON drivers(status);
CREATE INDEX idx_fuel_date ON fuel_records(fuel_date);
CREATE INDEX idx_fuel_vehicle ON fuel_records(vehicle_id);
CREATE INDEX idx_gps_recorded_at ON gps_tracking(recorded_at);
CREATE INDEX idx_gps_vehicle ON gps_tracking(vehicle_id);
CREATE INDEX idx_gps_vehicle_time ON gps_tracking(vehicle_id, recorded_at);
CREATE INDEX idx_insurance_end_date ON insurance_policies(end_date);
CREATE INDEX idx_insurance_vehicle ON insurance_policies(vehicle_id);
CREATE INDEX idx_maintenance_status ON maintenance_records(status);
CREATE INDEX idx_maintenance_vehicle ON maintenance_records(vehicle_id);
CREATE INDEX idx_reservations_applicant ON reservations(applicant_name);
CREATE INDEX idx_reservations_start_time ON reservations(start_time);
CREATE INDEX idx_reservations_status ON reservations(status);
CREATE INDEX idx_reservations_vehicle ON reservations(vehicle_id);
CREATE INDEX idx_trips_driver ON trips(driver_id);
CREATE INDEX idx_trips_start_time ON trips(start_time);
CREATE INDEX idx_trips_status ON trips(status);
CREATE INDEX idx_trips_vehicle ON trips(vehicle_id);
CREATE INDEX idx_vc_capability ON vehicle_capabilities(capability);
CREATE INDEX idx_vc_vehicle ON vehicle_capabilities(vehicle_id);
CREATE INDEX idx_vehicles_department ON vehicles(department);
CREATE INDEX idx_vehicles_status ON vehicles(status);
CREATE INDEX idx_violations_status ON violations(status);
CREATE INDEX idx_violations_vehicle ON violations(vehicle_id);

COMMIT;
